CustomerID,Age,Gender,Income,WillVisit,AverageSpend,PreferredCuisine,TimeOfVisit,GroupSize,DiningOccasion,MealType,OnlineReservation,DeliveryOrder,LoyaltyProgramMember,WaitTime,ServiceRating,FoodRating,AmbianceRating,HighSatisfaction
654,35,1,83380,Yes,27.829,2,1,3,2,2,0,1,1,43.524,2,5,4,0
655,19,1,43623,No,115.409,1,3,1,1,1,0,0,0,57.524,5,5,3,0
656,41,2,83737,Yes,106.694,1,3,6,3,1,0,1,0,48.683,3,4,5,0
657,43,1,96768,No,43.509,3,2,1,3,1,0,0,0,7.553,4,5,1,0
658,55,2,67937,No,148.085,2,1,1,2,2,0,0,1,37.789,2,3,5,0
659,42,2,28860,No,111.065,2,3,8,3,2,0,1,1,26.853,4,5,3,0
660,20,2,131104,Yes,120.237,3,2,6,2,1,0,0,0,7.928,5,4,1,0
661,51,2,137882,Yes,160.979,5,3,6,2,1,1,1,0,56.447,4,3,3,0
662,27,1,149638,Yes,56.559,3,1,5,3,2,0,1,0,39.568,2,4,5,0
663,32,2,136145,Yes,65.753,4,2,9,1,2,0,0,0,20.782,4,3,1,0
664,21,1,79249,No,39.235,1,1,5,2,2,0,1,0,18.949,1,3,2,0
665,59,1,94208,Yes,132.995,4,3,8,1,1,0,0,1,55.045,3,3,3,0
666,32,2,143471,No,156.131,1,1,4,1,2,0,1,0,4.711,5,2,4,0
667,69,1,38433,Yes,46.137,4,3,4,2,2,0,1,1,20.243,1,4,3,0
668,58,1,64870,No,88.939,1,2,2,3,1,0,0,1,58.272,2,4,2,0
669,54,2,135616,No,112.008,1,2,2,2,2,1,0,0,2.328,4,4,3,0
670,59,2,123325,Yes,63.939,2,3,4,1,2,1,0,1,2.674,3,5,5,1
671,42,1,25569,No,120.39,1,3,3,1,1,0,0,1,54.934,1,3,3,0
672,26,2,120447,Yes,52.11,5,3,1,1,2,1,1,1,20.726,3,1,3,0
673,58,1,70458,No,197.371,4,3,4,1,2,1,0,1,40.374,1,2,1,0
674,27,2,41450,Yes,14.678,2,3,5,3,1,0,0,0,9.871,1,1,3,0
675,40,2,85259,No,61.457,3,3,9,2,1,0,1,1,12.834,3,2,5,0
676,20,2,116507,Yes,169.658,2,3,5,3,2,0,0,0,12.329,4,4,5,0
677,51,1,40666,Yes,54.669,5,2,6,1,2,0,1,1,24.855,2,2,3,0
678,21,1,62296,Yes,161.181,4,2,7,1,2,0,1,0,34.62,3,3,3,0
679,40,2,38099,Yes,118.814,2,1,1,1,1,1,1,1,20.896,3,2,1,0
680,51,1,105609,No,12.69,2,3,6,2,2,1,0,0,24.075,5,1,5,0
681,68,1,82470,Yes,146.453,1,1,1,3,1,1,0,1,5.36,2,4,1,1
682,49,2,49402,Yes,92.146,1,2,7,3,2,0,0,0,22.215,3,1,4,0
683,59,1,72461,No,153.402,4,2,3,3,2,0,0,0,21.247,5,3,2,0
684,68,2,87140,Yes,140.89,2,2,3,2,1,0,1,1,27.003,3,1,1,0
685,18,2,25148,Yes,173.872,1,2,3,3,2,0,1,0,55.66,3,5,5,0
686,35,1,79963,No,143.778,5,1,2,2,1,1,0,1,27.342,3,1,3,0
687,65,2,92930,No,144.457,4,2,3,3,2,0,0,0,42.005,1,2,2,0
688,47,2,50567,Yes,81.32,3,2,1,2,1,0,1,1,10.823,4,1,4,1
689,46,1,84767,Yes,11.047,3,3,2,3,2,0,0,1,43.48,5,2,5,0
690,38,2,35769,No,72.331,4,2,1,3,1,0,0,1,45.125,5,3,5,0
691,50,2,52640,No,113.687,4,1,2,2,2,1,0,1,12.886,3,3,1,0
692,23,2,70427,Yes,154.463,5,2,8,2,1,0,1,1,42.906,5,1,2,0
693,54,2,126716,No,170.145,5,1,1,2,2,1,0,0,48.389,1,2,4,0
694,67,1,70219,No,114.853,2,3,7,1,2,0,1,1,6.855,3,5,1,0
695,19,1,122435,No,117.013,3,1,8,1,2,0,0,1,45.282,3,4,5,0
696,62,2,131995,No,140.136,4,3,8,3,2,0,0,0,55.927,2,4,2,0
697,30,2,21526,Yes,108.432,3,1,1,3,1,1,0,0,38.928,2,1,4,0
698,50,2,123950,No,190.027,1,2,8,3,1,0,1,0,30.48,1,5,2,0
699,28,2,105851,Yes,157.192,3,1,5,3,2,0,0,0,24.852,5,1,3,0
700,38,2,83286,No,79.241,4,1,3,2,2,0,0,0,23.093,1,4,2,0
701,59,2,136805,Yes,69.552,1,3,6,3,1,0,0,0,23.548,5,1,4,0
702,28,2,137669,Yes,51.238,3,3,8,3,2,0,0,0,57.827,2,2,2,0
703,41,2,98714,No,154.5,3,1,1,2,1,1,1,1,43.329,4,1,4,1
704,48,2,106670,Yes,196.461,4,1,2,3,2,1,1,0,52.069,1,1,4,0
705,30,1,39182,Yes,19.327,4,3,1,1,1,0,0,1,44.396,5,2,4,0
706,46,2,73317,Yes,63.305,5,2,8,2,1,0,0,1,11.25,2,2,2,0
707,22,2,46093,Yes,71.629,5,3,4,1,1,1,0,1,17.639,1,2,2,0
708,36,2,149655,No,64.444,1,3,6,3,2,1,0,1,5.405,5,3,1,0
709,44,2,143378,Yes,128.03,4,1,1,2,1,0,0,1,30.967,5,4,2,0
710,19,2,81440,No,79.743,2,2,4,2,2,0,0,1,22.014,3,5,4,0
711,64,1,22073,Yes,25.701,3,1,3,1,1,0,0,0,21.509,5,1,5,0
712,18,2,132427,No,69.472,4,1,7,3,2,0,0,0,15.314,3,2,5,0
713,33,1,95965,No,23.425,1,1,1,3,1,0,0,0,44.584,3,3,3,0
714,50,1,35296,Yes,127.591,4,3,4,2,1,0,0,0,23.462,3,3,5,0
715,67,2,45759,No,159.656,1,2,6,1,2,0,0,1,8.915,5,3,4,0
716,52,1,103379,No,186.002,2,1,1,2,2,0,1,1,40.378,3,4,2,0
717,21,1,94550,No,82.685,2,2,2,3,2,1,0,0,24.061,5,5,1,0
718,33,1,113609,No,47.415,5,1,8,3,2,1,1,1,39.459,1,1,1,0
719,46,1,74785,Yes,59.541,5,2,2,1,1,1,0,0,46.765,3,3,2,0
720,64,1,68238,Yes,77.131,3,1,1,2,2,1,0,1,23.252,2,4,4,1
721,59,2,75129,No,135.654,2,3,2,3,2,0,1,0,32.29,4,3,5,0
722,35,1,33384,No,92.851,3,1,6,1,1,0,0,1,17.195,3,1,1,0
723,56,1,99022,No,156.117,1,2,1,2,2,1,1,0,11.524,5,2,2,0
724,37,1,129956,Yes,169.8,3,2,8,3,1,0,1,1,32.843,5,5,1,1
725,43,2,60400,No,110.494,1,1,5,1,1,1,0,0,34.269,3,2,3,0
726,35,1,109278,No,171.012,4,3,6,3,1,0,1,0,13.507,2,3,2,0
727,34,1,138642,Yes,44.285,4,3,4,3,2,1,1,1,17.371,3,1,5,0
728,55,1,122223,Yes,134.36,2,3,3,1,1,0,0,1,44.534,2,5,3,0
729,30,2,37083,Yes,174.694,3,1,9,3,2,0,1,1,35.061,1,3,5,0
730,53,2,101003,Yes,71.268,4,1,1,3,1,0,0,0,21.968,1,3,3,0
731,40,2,33239,Yes,169.872,4,2,7,3,1,1,1,0,35.75,5,4,1,0
732,65,1,132529,Yes,56.684,3,3,3,1,1,0,0,1,4.712,4,5,5,1
733,42,1,31187,Yes,27.396,5,2,9,3,2,1,0,0,52.295,2,2,4,0
734,66,2,31296,Yes,180.706,2,3,8,1,1,1,0,1,13.819,4,4,1,0
735,55,1,147219,Yes,58.957,5,2,6,3,1,0,0,0,37.959,4,3,2,0
736,31,1,81176,Yes,175.608,5,2,4,3,2,1,0,0,15.953,5,1,4,0
737,35,2,62674,Yes,54.499,2,1,4,1,2,0,0,0,4.939,5,4,4,0
738,19,2,63136,Yes,16.503,2,3,3,1,2,1,0,1,26.933,2,3,5,0
739,40,2,133056,Yes,73.124,5,1,6,3,2,1,1,0,41.696,1,2,3,0
740,49,1,69311,Yes,78.823,2,3,8,3,2,1,1,1,27.894,2,2,5,1
741,62,2,109896,Yes,198.889,1,2,7,3,2,1,0,1,40.396,3,4,1,0
742,42,2,41414,Yes,189.337,3,3,4,3,2,0,0,0,50.078,5,2,4,0
743,56,2,62028,Yes,25.414,1,2,1,3,2,0,0,0,52.781,2,3,5,0
744,60,1,30637,Yes,171.975,5,2,3,3,2,1,0,0,30.75,1,2,5,0
745,59,1,108814,Yes,63.044,1,3,2,2,1,0,0,0,56.159,1,4,2,0
746,68,1,102517,Yes,60.25,4,3,7,3,2,0,0,0,6.991,1,5,2,0
747,67,1,47731,Yes,58.07,1,3,2,3,1,1,1,1,6.428,4,4,1,1
748,64,2,40967,Yes,101.804,5,3,4,2,2,0,0,1,19.635,3,2,3,0
749,20,2,147362,Yes,45.281,3,2,2,2,1,0,0,0,50.057,4,3,4,0
750,62,1,30306,Yes,128.923,2,3,6,1,2,0,0,1,53.92,3,5,5,0
751,53,1,99064,Yes,46.924,3,2,8,1,1,0,1,0,7.345,1,1,5,0
752,28,1,69615,Yes,50.13,3,1,8,1,1,0,1,1,0.709,5,5,5,1
753,49,1,97990,Yes,96.352,4,1,3,2,2,0,1,1,48.405,3,5,1,0
754,22,2,129622,Yes,49.359,4,2,1,3,2,0,1,1,53.037,2,3,5,0
755,57,2,104198,Yes,128.575,4,2,6,2,1,0,0,1,2.8,4,3,4,0
756,62,1,115722,Yes,20.838,5,3,1,1,1,0,0,0,53.037,2,1,3,0
757,62,1,137673,Yes,86.147,3,1,7,2,2,1,0,0,59.959,1,4,4,0
758,46,1,90343,Yes,112.865,4,3,8,2,1,0,0,1,39.251,3,4,5,0
759,36,2,23323,Yes,187.679,4,3,7,3,2,1,0,1,23.55,2,5,1,0
760,65,1,76833,Yes,119.117,4,1,9,2,2,0,1,1,50.003,4,5,5,0
761,27,2,79161,Yes,148.134,3,1,3,3,2,1,1,0,56.651,4,4,3,0
762,19,1,144849,Yes,56.262,3,1,9,1,1,1,0,0,44.766,2,2,5,0
763,31,1,77620,Yes,148.703,5,1,3,3,1,1,1,0,37.317,1,1,4,0
764,46,1,112626,Yes,163.887,5,1,2,3,2,0,1,1,9.412,3,2,5,1
765,50,2,62418,Yes,191.707,2,1,7,2,2,0,1,0,35.415,5,2,2,0
766,61,1,96506,Yes,82.706,2,2,7,2,2,0,0,1,8.398,3,5,5,0
767,26,1,103668,Yes,184.253,1,3,7,2,1,1,1,1,52.955,4,2,2,0
768,23,1,39932,Yes,197.179,5,1,5,2,1,0,1,1,25.105,4,3,5,0
769,47,1,88700,Yes,145.283,2,1,4,1,2,0,0,1,9.446,2,4,5,0
770,60,1,92277,Yes,165.166,4,3,5,2,2,1,0,0,31.57,1,5,3,0
771,66,1,47508,Yes,39.735,1,2,7,1,1,0,0,1,3.807,1,2,2,0
772,37,2,66867,Yes,11.005,4,1,9,2,2,0,0,1,17.858,2,4,3,0
773,40,2,59224,Yes,162.551,2,1,7,2,2,0,0,1,49.571,4,4,3,0
774,62,2,142534,Yes,60.866,3,2,7,2,2,0,1,1,14.512,2,2,5,0
775,63,2,132716,Yes,177.625,5,1,1,3,1,1,0,0,46.092,1,5,2,0
776,20,2,38189,Yes,80.613,5,3,1,1,1,1,1,0,25.921,1,4,2,0
777,42,2,60474,Yes,194.615,3,2,1,2,1,0,1,0,0.02,4,1,2,0
778,60,2,71105,Yes,10.99,3,1,5,3,2,0,0,0,12.462,2,5,1,0
779,44,1,38493,Yes,11.718,4,2,5,1,1,0,1,0,26.741,1,4,3,0
780,23,1,84982,Yes,94.538,4,3,3,1,2,1,1,1,1.888,3,4,3,1
781,65,2,59454,Yes,154.506,4,3,4,2,2,0,1,0,24.265,3,5,4,0
782,67,2,84121,Yes,72.043,4,2,8,1,2,0,0,1,41.823,2,1,4,0
783,63,2,140124,Yes,65.089,2,3,4,3,2,0,0,1,17.137,4,1,2,0
784,68,2,94282,Yes,181.83,5,2,9,3,1,1,0,0,39.243,5,4,1,0
785,24,1,31796,Yes,54.762,4,3,9,2,2,0,0,0,56.499,3,5,5,0
786,27,1,56966,Yes,32.965,4,1,9,3,1,0,0,0,58.513,3,3,1,0
787,50,2,64939,Yes,113.342,2,2,4,1,1,0,1,0,46.493,3,4,2,0
788,25,1,117497,Yes,124.626,2,1,6,3,1,0,0,0,18.277,4,2,3,0
789,30,1,46377,Yes,19.816,4,2,6,2,1,0,1,0,27.827,1,3,2,0
790,58,2,97030,Yes,158.032,1,3,3,1,2,0,0,1,27.857,2,5,2,0
791,67,1,117452,Yes,175.314,3,2,4,2,2,1,1,1,44.628,1,5,5,1
792,57,2,101362,Yes,97.504,5,2,3,3,2,1,0,1,25.248,1,1,1,0
793,65,1,60717,Yes,66.359,5,1,1,1,1,0,1,1,50.459,2,3,2,0
794,67,2,52717,Yes,72.297,3,1,8,3,1,0,1,1,4.254,5,2,4,1
795,35,2,78909,Yes,31.844,1,3,6,1,1,1,0,1,30.167,3,2,4,0
796,63,1,130870,Yes,75.651,3,3,7,2,2,1,0,0,42.501,3,4,1,0
797,59,1,149006,Yes,156.261,5,2,9,3,1,0,0,0,49.363,3,1,1,0
798,42,1,120750,Yes,182.711,1,2,1,3,2,1,0,0,2.08,1,5,1,0
799,39,1,97583,Yes,124.098,3,3,1,3,2,0,0,0,46.387,3,4,5,0
800,43,1,32863,Yes,181.263,2,3,5,2,2,0,1,1,50.81,3,4,1,0
801,52,1,111967,Yes,137.748,1,2,8,1,1,0,1,0,20.888,2,5,4,0
802,52,1,143420,Yes,176.784,5,2,5,3,1,0,0,1,43.65,3,3,3,0
803,66,2,28073,Yes,167.086,2,3,3,3,2,0,0,1,0.839,5,1,1,0
804,22,2,120539,Yes,92.342,2,2,9,1,2,0,1,1,27.241,5,2,3,0
805,34,2,112055,Yes,167.344,1,2,9,1,1,0,1,0,30.649,4,3,4,0
806,53,2,48489,Yes,170.003,3,3,1,1,2,1,0,1,40.306,2,4,3,0
807,57,2,142449,Yes,102.64,4,1,5,2,2,0,0,0,42.278,2,3,5,0
808,58,2,132047,Yes,21.166,1,3,7,2,2,0,0,1,14.858,5,5,1,0
809,42,1,84666,Yes,83.784,4,1,7,1,1,1,0,0,22.368,2,4,2,0
810,46,2,109006,Yes,52.21,4,3,8,2,2,0,0,1,40.041,3,5,1,0
811,59,1,43697,Yes,50.575,4,1,6,3,1,0,0,1,5.616,1,3,4,0
812,41,2,132528,Yes,164.852,2,3,2,3,1,0,1,0,20.487,2,2,5,1
813,22,2,90630,Yes,10.788,1,2,4,1,2,1,1,0,5.32,2,4,1,0
814,25,1,30580,Yes,197.52,3,2,7,3,2,0,0,1,51.516,1,2,5,0
815,30,2,106716,Yes,79.971,5,1,1,3,1,0,0,1,59.862,2,1,4,0
816,23,1,107630,Yes,95.543,4,3,2,3,1,0,0,0,52.39,4,4,5,0
817,50,2,114661,Yes,135.093,1,2,5,3,2,0,1,1,58.755,2,2,1,0
818,38,1,124096,Yes,118.077,2,1,5,2,1,0,0,1,4.812,1,5,4,0
819,44,1,78605,Yes,154.94,5,3,3,3,2,0,1,0,0.001,2,3,5,0
820,55,2,25889,Yes,36.85,2,1,9,1,2,0,0,0,22.999,5,1,2,0
821,59,2,66116,Yes,52.194,5,2,8,3,2,1,0,0,26.067,1,4,1,0
822,39,1,81042,Yes,114.106,5,2,8,2,1,0,1,1,51.684,1,5,2,0
823,40,1,96164,Yes,59.14,4,3,1,1,2,0,0,1,30.534,4,4,4,0
824,28,1,55083,Yes,176.61,3,3,6,1,2,0,0,0,54.256,5,2,4,0
825,47,1,81504,Yes,199.974,5,2,3,3,1,0,0,1,6.169,5,2,2,1
826,56,2,136815,Yes,44.929,1,3,4,2,1,0,0,1,48.033,2,5,1,0
827,61,1,105862,Yes,45.785,5,3,7,3,1,1,0,0,43.716,2,4,4,0
828,34,1,64756,Yes,115.343,5,1,4,1,2,0,1,1,50.843,2,4,1,0
829,43,2,148425,Yes,53.398,3,3,3,2,2,0,1,0,23.512,1,3,4,0
830,18,2,88711,Yes,168.291,4,3,9,3,2,1,0,1,12.757,1,5,5,1
831,49,2,37343,Yes,89.265,2,3,8,1,1,0,1,1,33.292,1,2,1,0
832,42,2,23262,Yes,98.59,2,1,6,3,2,0,0,0,15.928,3,5,3,0
833,59,2,138471,Yes,13.89,3,2,5,2,1,1,0,0,48.082,4,1,2,0
834,35,1,69161,Yes,161.291,2,2,3,3,2,0,0,1,7.583,3,5,2,0
835,57,2,85820,Yes,79.398,2,1,5,1,1,0,1,1,42.882,1,2,3,0
836,69,1,124582,Yes,35.922,1,1,8,2,2,0,0,0,27.362,1,5,3,0
837,37,1,81926,Yes,51.083,3,2,8,1,1,0,0,1,56.044,2,5,2,0
838,52,1,100057,Yes,127.662,3,1,7,2,1,0,1,0,11.085,4,3,1,0
839,69,2,51842,Yes,90.884,1,3,5,3,1,0,0,0,59.274,3,5,4,0
840,23,1,56374,Yes,30.836,4,2,5,2,1,1,1,0,51.461,5,1,3,0
841,19,2,59251,Yes,123.766,3,3,6,1,1,0,1,0,20.01,4,3,3,0
842,65,2,82771,Yes,100.046,5,1,7,3,2,1,0,0,33.408,5,3,4,0
843,53,1,38928,Yes,82.261,4,3,7,2,2,1,1,1,17.258,2,2,5,0
844,55,2,132925,Yes,104.928,3,1,2,2,1,0,1,0,2.382,2,5,2,0
845,53,2,117007,Yes,31.37,1,1,9,1,1,0,0,1,12.51,1,2,2,0
846,46,2,58377,Yes,191.139,2,1,4,2,1,0,0,0,49.268,4,5,5,0
847,33,2,37228,Yes,16.221,5,1,2,2,2,0,0,1,52.885,1,5,4,0
848,31,2,33733,Yes,24.296,4,1,2,1,2,0,0,1,50.538,4,4,3,0
849,18,2,26732,Yes,178.151,2,3,8,2,2,1,1,0,32.965,4,5,1,0
850,40,1,37366,Yes,29.811,2,2,7,1,2,0,1,0,29.614,3,2,4,0
851,28,2,135894,Yes,172.775,2,1,8,2,2,0,1,0,58.992,1,2,3,0
852,67,2,63976,Yes,64.841,1,1,4,1,1,0,1,0,21.699,5,3,1,0
853,59,1,104089,Yes,140.707,4,1,8,2,2,0,0,0,44.771,5,2,1,0
854,65,2,33024,Yes,184.237,2,1,4,2,1,0,1,1,30.259,4,2,2,0
855,58,1,30928,Yes,16.077,4,3,2,2,1,0,0,1,15.811,4,5,5,0
856,46,1,42055,Yes,57.201,2,1,8,1,2,1,0,1,35.896,5,3,2,0
857,60,2,39596,Yes,16.831,2,1,7,2,2,0,0,1,22.548,5,4,5,0
858,27,1,29233,Yes,137.437,1,3,5,1,2,0,1,1,11.571,5,2,3,0
859,54,1,114257,Yes,126.382,5,2,9,1,2,0,0,1,50.246,3,1,2,0
860,32,2,77834,Yes,63.543,2,2,7,3,2,0,1,0,5.41,2,2,5,0
861,26,1,114739,Yes,98.539,2,3,5,1,1,0,0,0,15.493,5,1,4,0
862,51,2,103678,Yes,111.301,2,2,8,3,1,0,1,0,13.029,4,1,4,1
863,22,2,60978,Yes,20.597,2,3,2,3,2,0,0,1,31.788,2,2,1,0
864,54,2,92219,Yes,161.249,5,2,7,3,2,0,1,1,47.414,4,3,1,0
865,63,1,73684,Yes,149.171,2,1,5,1,2,0,1,0,54.003,1,2,5,0
866,37,2,80987,Yes,29.459,3,2,6,1,1,0,1,0,40.71,3,3,5,0
867,65,1,83795,Yes,108.71,2,2,6,3,1,1,0,0,12.445,2,3,1,0
868,44,1,121995,Yes,107.965,1,1,9,1,1,0,0,1,35.168,4,5,2,0
869,67,2,40132,Yes,137,3,2,2,3,2,0,1,0,15.585,2,3,4,0
870,37,1,46888,Yes,168.91,3,1,7,2,2,0,1,0,46.669,4,2,5,0
871,58,1,117392,Yes,84.768,1,1,8,2,1,0,0,0,49.87,2,5,2,0
872,51,1,120651,Yes,171.197,5,1,8,1,1,0,0,0,4.119,1,3,5,0
873,61,1,53243,Yes,45.623,1,1,1,1,1,0,0,1,57.043,3,4,4,0
874,25,2,145582,Yes,153.638,2,1,8,2,1,1,0,1,37.827,5,5,4,0
875,23,2,113128,Yes,109.401,1,1,6,2,1,0,0,0,4.661,2,1,3,0
876,45,1,81659,Yes,28.238,2,3,6,2,1,0,1,1,30.121,4,2,3,0
877,34,1,71400,Yes,33.028,2,1,4,3,1,1,1,0,38.107,4,1,1,0
878,45,2,33354,Yes,48.957,4,1,2,1,1,0,0,1,7.053,5,4,5,0
879,40,2,105103,Yes,191.412,5,1,8,3,1,1,0,1,53.794,2,2,4,0
880,28,1,21013,Yes,124.791,4,2,3,2,2,1,0,0,49.39,5,2,1,0
881,32,1,115561,Yes,185.401,4,1,8,2,2,0,0,0,19.288,4,2,4,0
882,42,2,29377,Yes,35.908,1,2,3,1,2,0,0,1,26.989,3,3,5,0
883,39,2,81856,Yes,10.961,1,1,1,2,1,0,0,1,46.167,2,4,3,0
884,59,1,26530,Yes,155.155,1,2,6,1,2,0,0,1,24.605,5,4,1,0
885,22,1,139877,Yes,112.726,3,3,2,2,1,1,1,1,19.403,3,1,1,0
886,68,1,81959,Yes,171.935,2,2,9,1,2,0,0,1,24.148,1,3,5,0
887,60,1,87656,Yes,141.281,1,1,8,2,2,1,1,0,25.874,4,4,4,0
888,62,1,91688,Yes,104.455,3,3,1,2,2,1,1,1,47.597,2,2,4,0
889,57,2,53277,Yes,124.153,2,2,3,2,2,0,0,1,32.007,1,3,5,0
890,68,2,82561,Yes,48.753,2,2,1,2,1,1,0,0,7.014,4,5,5,0
891,65,2,104032,Yes,129.963,3,3,4,1,2,0,0,0,40.785,4,5,3,0
892,37,2,149658,Yes,24.92,2,1,9,3,1,1,0,0,7.847,5,4,5,1
893,56,2,78086,Yes,144.824,2,3,5,3,1,0,1,0,42.253,3,1,2,0
894,24,1,50879,Yes,19.173,5,1,7,1,1,0,1,0,23.678,1,3,5,0
895,36,1,89941,Yes,85.441,2,2,5,2,1,0,1,0,28.532,4,2,4,0
896,47,2,111573,Yes,67.992,5,1,2,1,1,0,1,1,12.831,2,3,3,0
897,18,1,72238,Yes,62.12,1,1,4,3,2,1,1,1,50.795,1,5,2,0
898,66,2,117916,Yes,33.678,5,3,2,3,1,1,1,1,8.847,2,1,1,1
899,57,1,27829,Yes,19.176,5,1,8,1,1,1,1,0,49.532,5,4,1,0
900,37,2,22230,Yes,179.358,5,3,6,3,1,0,0,1,14.123,2,3,5,0
901,23,2,77844,Yes,113.718,3,1,1,1,2,1,1,0,54.598,5,4,1,0
902,43,2,149118,Yes,90.353,4,1,8,1,1,1,1,0,38.492,2,1,5,0
903,40,1,67199,Yes,12.51,4,1,2,2,2,0,0,0,48.628,3,4,1,0
904,29,2,86899,Yes,176.271,2,2,7,2,1,0,0,0,27.844,1,2,2,0
905,36,1,94510,Yes,120.271,3,1,7,3,2,1,0,0,48.326,2,3,2,0
906,28,1,98058,Yes,74.71,1,3,2,2,2,0,1,1,37.706,4,3,3,0
907,18,1,33736,Yes,164.957,5,1,8,3,1,0,1,0,9.708,3,5,1,0
908,42,1,124552,Yes,131.67,2,3,9,3,2,0,1,1,4.838,1,2,2,0
909,45,1,35395,Yes,190.884,2,3,4,1,1,0,0,0,46.526,1,1,4,0
910,64,2,146852,Yes,26.717,1,3,2,1,1,0,0,1,41.754,1,1,3,0
911,69,2,71808,Yes,140.839,1,1,3,2,2,0,0,1,10.129,5,5,4,1
912,68,2,35185,Yes,86.669,5,1,4,1,2,1,1,1,10.079,3,5,5,1
913,55,2,21676,Yes,96.75,1,3,7,3,2,0,0,1,45.734,4,1,1,0
914,46,1,127276,Yes,164.382,1,1,3,3,1,0,0,1,33.415,4,5,1,1
915,53,1,102136,Yes,154.729,3,2,4,1,1,0,1,0,12.746,4,2,3,0
916,66,2,89919,Yes,59.169,4,1,1,3,1,0,0,1,7.785,4,4,1,1
917,27,2,28317,Yes,56.029,3,1,2,1,1,1,1,0,11.04,4,1,2,0
918,68,2,49070,Yes,123.975,3,3,7,2,2,1,0,1,22.526,5,1,4,0
919,44,2,36731,Yes,138.709,2,2,5,1,1,0,0,0,49.125,1,5,4,0
920,69,2,132180,Yes,37.662,4,2,3,3,1,1,1,0,30.153,3,2,1,0
921,51,1,98793,Yes,102.849,5,2,8,2,1,0,0,0,49.341,4,4,4,0
922,66,1,32487,Yes,53.281,1,3,1,3,2,0,1,0,14.22,3,2,4,0
923,18,2,37819,Yes,186.808,2,3,7,1,1,0,0,0,14.207,2,4,4,0
924,25,1,26355,Yes,69.627,4,2,2,1,1,0,0,1,42.417,3,1,2,0
925,54,1,86543,Yes,152.508,2,1,5,2,1,0,0,0,56.591,5,1,1,0
926,67,1,117648,Yes,94.404,4,1,2,2,1,0,0,0,29.122,1,5,3,0
927,55,1,118250,Yes,192.334,2,3,7,3,1,0,1,0,27.537,5,5,4,1
928,23,2,105464,Yes,44.15,5,2,9,3,2,0,0,0,40.523,2,1,1,0
929,38,1,51873,Yes,140.167,4,2,7,2,1,1,1,0,21.711,2,2,4,0
930,53,1,38795,Yes,119.94,1,2,3,1,1,1,0,0,45.651,4,1,1,0
931,28,1,32355,Yes,87.752,2,2,4,1,1,0,1,0,59.427,5,2,2,0
932,62,2,112173,Yes,74.318,1,3,9,2,1,0,1,0,10.692,2,3,1,0
933,26,2,63111,Yes,142.711,3,3,9,2,1,1,0,1,22.644,4,1,2,0
934,46,1,20312,Yes,46.102,1,1,4,3,1,0,0,0,0.674,1,2,3,0
935,27,1,24045,Yes,16.313,5,2,1,3,2,0,0,0,57.064,5,5,5,0
936,64,2,28666,Yes,76.386,5,1,1,3,1,0,1,0,44.737,2,2,1,0
937,41,2,68313,Yes,65.173,3,1,3,1,2,1,0,1,40.263,2,2,4,0
938,35,1,111143,Yes,39.794,5,2,5,2,2,0,0,0,13.532,4,3,3,0
939,62,1,135545,Yes,32.947,3,1,5,3,2,0,0,0,14.582,5,4,5,0
940,68,2,142488,Yes,134.254,5,1,9,3,2,1,0,1,6.408,3,4,3,0
941,50,2,147673,Yes,71.977,4,2,5,3,1,1,0,1,37.322,2,5,2,0
942,45,2,21712,Yes,116.704,2,1,4,3,2,1,1,1,57.97,2,3,4,0
943,45,2,126811,Yes,33,2,3,8,3,1,1,0,0,24.104,2,5,5,0
944,37,2,76586,Yes,162.83,2,1,6,3,1,0,1,0,43.68,3,4,3,0
945,53,1,118602,Yes,102.828,2,3,4,3,1,0,0,0,21.006,1,5,5,1
946,48,1,134375,Yes,35.608,3,3,3,2,1,1,0,0,4.771,1,3,4,0
947,33,2,124339,Yes,78.29,4,2,2,2,2,0,0,1,51.991,4,1,5,0
948,31,1,75218,Yes,93.354,4,3,3,3,1,0,0,1,47.083,2,1,1,0
949,56,1,101953,Yes,59.873,1,2,6,3,2,0,0,1,4.774,1,4,2,0
950,54,2,66418,Yes,148.838,4,3,7,2,1,0,0,1,3.448,4,1,4,0
951,56,1,122101,Yes,47.136,5,1,4,2,2,0,1,1,8.731,4,1,1,0
952,32,1,132648,Yes,135.728,4,2,3,3,2,0,0,1,41.466,2,1,1,0
953,19,2,45224,Yes,12.378,2,3,2,3,1,0,0,0,34.809,5,5,2,0
954,67,2,144519,Yes,142.153,4,1,5,1,2,0,1,0,54.505,5,2,3,0
955,56,1,128066,Yes,161.582,1,1,9,3,2,0,0,1,44.844,1,1,1,0
956,66,1,65207,Yes,121.371,2,3,7,1,1,1,1,0,50.189,1,5,1,0
957,19,2,143152,Yes,14.931,5,3,5,3,2,0,1,1,1.327,5,3,4,0
958,51,2,56931,Yes,122.396,1,2,8,3,2,0,1,0,10.776,5,3,3,0
959,44,2,129502,Yes,160.318,3,1,9,3,2,1,0,0,26.337,4,2,2,0
960,54,2,48233,Yes,31.424,1,2,5,1,1,0,0,0,19.326,5,2,2,0
961,69,2,33613,Yes,37.294,1,2,3,1,2,0,0,0,4.409,4,1,5,0
962,35,2,45915,Yes,101.063,4,1,1,3,1,0,0,0,15.808,5,2,2,0
963,50,2,85293,Yes,162.421,2,1,2,3,2,0,0,1,30.614,4,1,3,0
964,35,1,118376,Yes,153.148,5,2,4,2,1,0,1,0,15.24,4,5,2,0
965,58,2,128387,Yes,184.394,4,2,1,2,1,0,1,0,20.708,1,1,1,0
966,26,1,124503,Yes,54.252,5,2,3,2,2,0,0,0,24.029,4,2,5,0
967,26,2,88466,Yes,180.779,4,3,5,1,1,0,0,1,31.701,2,3,4,0
968,57,1,78589,Yes,134.486,4,2,4,2,1,0,1,0,3.29,5,5,5,1
969,19,2,44654,Yes,99.391,1,1,5,2,1,0,0,0,40.293,2,4,2,0
970,49,2,52752,Yes,60.899,1,1,9,3,2,0,0,0,53.959,3,4,5,0
971,18,1,101549,Yes,74.793,4,3,3,1,1,1,1,1,0.268,1,1,2,1
972,64,2,46777,Yes,89.635,4,3,8,2,1,1,1,1,27.756,5,1,5,0
973,23,2,100608,Yes,94.625,3,2,6,1,2,0,0,1,48.669,3,4,2,0
974,52,2,144610,Yes,133.456,5,2,8,2,1,1,1,0,18.114,3,1,3,0
975,63,1,22861,Yes,25.778,1,2,8,2,2,0,0,0,1.529,5,4,5,0
976,53,1,65710,Yes,181.989,5,1,6,2,2,0,1,1,31.671,1,2,5,0
977,57,1,20093,Yes,166.165,4,1,8,1,2,0,0,1,5.025,3,3,3,0
978,41,2,134722,Yes,89.569,3,3,4,3,2,0,0,0,30.245,1,2,4,0
979,28,2,57083,Yes,59.542,1,2,8,2,2,0,0,0,33.928,4,3,5,0
980,57,1,55138,Yes,49.22,2,3,9,3,2,0,0,0,5.559,5,3,5,0
981,32,2,96451,Yes,134.185,4,3,5,2,2,1,0,1,30.43,3,4,2,0
982,55,1,44538,Yes,103.067,1,1,8,2,1,0,1,1,31.918,4,3,4,0
983,20,1,57386,Yes,114.329,4,2,8,1,2,0,1,0,36.247,3,5,4,0
984,59,2,40510,Yes,185.922,5,1,9,1,2,0,0,0,50.257,2,3,4,0
985,60,1,130223,Yes,113.444,4,2,2,1,1,1,1,1,25.116,5,4,1,1
986,66,2,35655,Yes,168.479,1,1,7,1,2,0,0,1,44.282,3,4,4,0
987,32,1,52396,Yes,12.408,3,2,1,3,2,0,0,0,31.583,3,1,3,0
988,32,2,78876,Yes,169.691,3,1,4,1,1,0,1,1,16.632,4,5,5,1
989,37,1,57889,Yes,143.153,2,1,5,2,2,0,1,1,54.844,1,2,4,0
990,63,2,86031,Yes,77.701,2,1,4,3,2,1,1,1,29.275,4,2,4,1
991,35,1,54829,Yes,118.876,4,3,2,2,1,1,1,1,58.087,5,4,2,1
992,39,2,138735,Yes,149.78,1,2,5,2,2,1,1,0,56.019,3,4,1,0
993,54,1,73556,Yes,115.297,3,2,2,2,1,0,1,1,25.145,1,3,2,0
994,32,2,28066,Yes,17.579,4,2,7,2,1,1,1,0,28.751,2,1,1,0
995,42,1,79689,Yes,96.117,3,3,7,1,2,0,1,0,1.97,3,3,5,0
996,26,1,30983,Yes,177.848,3,1,8,1,1,1,0,0,17.397,1,1,3,0
997,53,1,34411,Yes,154.416,4,2,6,1,1,0,0,0,48.83,1,4,5,0
998,67,1,52525,Yes,183.244,1,1,2,1,1,0,1,0,26.869,2,2,1,0
999,20,1,125831,Yes,63.694,5,2,4,1,2,1,0,1,31.763,1,2,2,0
1000,37,2,21182,Yes,29.443,3,2,8,1,2,1,0,1,39.953,1,5,3,0
1001,40,2,47293,Yes,79.599,3,1,9,3,2,0,1,1,48.731,3,5,5,0
1002,68,1,140366,Yes,26.831,1,1,7,1,2,0,0,1,19.003,2,3,2,0
1003,45,2,109063,Yes,102.412,2,3,6,2,2,1,0,1,55.5,5,1,2,0
1004,57,1,99335,Yes,131.089,3,2,3,2,2,1,0,1,12.31,4,1,4,0
1005,35,1,121002,Yes,180.632,2,2,5,2,2,0,1,0,15.644,4,1,1,0
1006,20,2,27928,Yes,145.248,4,3,2,2,1,0,0,0,48.11,5,3,3,0
1007,50,2,28016,Yes,90.72,5,2,1,3,1,0,1,0,10.488,1,3,1,0
1008,21,2,60804,Yes,41.618,3,1,3,3,2,0,0,0,31.501,3,4,1,0
1009,43,1,144992,Yes,80.071,5,3,7,2,1,1,0,0,17.591,3,3,4,0
1010,39,2,36544,Yes,29.274,1,3,1,2,1,0,0,1,58.369,2,4,5,0
1011,38,1,78868,Yes,92.706,5,3,4,2,2,0,0,1,14.238,4,1,4,0
1012,58,1,140712,Yes,99.914,3,2,3,1,2,0,1,0,39.066,2,5,4,0
1013,45,2,70378,Yes,44.609,2,2,9,2,1,0,0,0,2.772,3,5,3,0
1014,48,2,122266,Yes,122.523,4,1,4,3,1,1,0,1,31.845,1,5,1,1
1015,67,2,91273,Yes,98.475,5,1,5,1,1,1,0,0,26.31,3,3,1,0
1016,50,2,128686,Yes,166.931,1,3,8,2,1,0,0,0,56.32,4,3,4,0
1017,18,2,72347,Yes,16.469,1,3,4,1,2,0,1,0,54.151,4,4,1,0
1018,22,2,145965,Yes,51.48,1,1,5,2,1,0,0,0,28.731,3,4,3,0
1019,29,1,65074,Yes,59.843,3,1,8,1,2,0,0,0,20.322,5,1,5,0
1020,63,2,57362,Yes,14.732,4,3,2,1,2,0,1,0,45.85,1,1,3,0
1021,51,2,141449,Yes,80.422,2,2,4,2,2,1,0,0,51.255,3,3,4,0
1022,44,1,75499,Yes,83.068,4,2,2,2,1,0,0,0,59.759,2,1,5,0
1023,47,1,146044,Yes,10.969,3,2,2,1,1,0,0,0,52.95,3,2,5,0
1024,38,1,138115,Yes,25.072,2,1,9,3,1,0,0,1,36.689,2,2,2,0
1025,43,2,116085,Yes,77.732,3,1,6,1,2,0,0,0,7.119,1,1,3,0
1026,18,1,33560,Yes,180.922,2,2,7,2,1,1,1,1,2.747,2,1,5,0
1027,57,2,79448,Yes,100.675,2,1,9,1,2,0,0,1,9.256,3,4,3,0
1028,34,1,34492,Yes,86.017,2,1,8,1,2,1,1,1,7.06,1,5,1,0
1029,23,1,80653,Yes,135.036,5,1,4,3,2,0,1,1,41.946,4,5,5,1
1030,46,1,21547,Yes,183.582,3,3,9,2,2,1,0,0,7.706,4,2,2,0
1031,41,1,100703,Yes,118.253,1,1,1,2,2,0,0,1,22.744,1,1,2,0
1032,37,1,126751,Yes,196.529,3,1,9,2,2,0,1,1,42.668,5,5,3,0
1033,52,1,122629,Yes,93.239,4,2,5,3,2,0,1,1,23.496,3,3,1,0
1034,69,2,35930,Yes,53.303,5,3,3,2,1,0,0,0,11.677,1,5,3,0
1035,52,2,27239,Yes,111.554,1,1,6,2,2,0,1,1,36.274,1,5,4,0
1036,69,2,96870,Yes,108.859,2,2,3,2,1,0,1,0,32.809,3,1,2,0
1037,25,2,77102,Yes,32.288,3,3,9,1,2,1,0,0,48.181,5,1,2,0
1038,57,1,28253,Yes,95.937,3,1,6,2,2,0,0,0,54.217,2,1,2,0
1039,36,1,86014,Yes,111.514,1,3,4,2,2,0,0,1,42.357,2,2,2,0
1040,30,2,71590,Yes,110.468,2,3,5,1,2,0,1,1,51.88,4,3,5,0
1041,48,2,117176,Yes,91.617,3,3,3,3,2,0,1,0,59.704,3,4,1,0
1042,56,2,65128,Yes,58.594,2,3,4,3,1,1,0,1,53.925,4,2,1,1
1043,65,2,34010,Yes,164.096,3,2,4,3,1,0,0,1,8.492,4,4,5,1
1044,67,2,102874,Yes,22.771,1,3,7,2,1,0,0,1,35.603,1,2,1,0
1045,44,2,148592,Yes,99.51,4,2,2,3,2,0,1,0,28.267,3,3,1,0
1046,29,2,132507,Yes,135.225,3,1,8,3,1,0,1,0,25.519,5,4,5,1
1047,22,1,73912,Yes,198.445,3,2,3,3,1,0,0,1,3.234,1,5,4,1
1048,56,2,103243,Yes,73.438,4,3,3,2,2,0,1,0,57.539,2,2,3,0
1049,26,2,54777,Yes,41.322,2,1,7,2,2,0,0,1,49.903,1,3,3,0
1050,60,2,59793,Yes,158.683,1,3,8,1,1,0,0,1,8.103,1,2,4,0
1051,34,2,120607,Yes,93.717,4,1,2,2,1,0,0,1,31.163,1,5,4,0
1052,28,1,46146,Yes,11.447,1,3,4,2,2,1,0,1,52.804,5,1,5,0
1053,61,2,63115,Yes,81.983,1,1,4,2,2,1,0,1,12.831,3,1,4,0
1054,26,2,21350,Yes,81.723,1,1,6,3,2,1,1,1,50.615,1,3,4,0
1055,57,1,149142,Yes,105.275,5,1,5,2,2,0,1,1,35.219,5,1,4,0
1056,32,2,115387,Yes,198.836,2,3,7,2,1,0,0,1,37.35,1,1,1,0
1057,61,2,69799,Yes,67.879,1,3,5,3,1,0,1,1,24.709,3,4,2,1
1058,53,1,67998,Yes,112.459,2,2,9,1,1,1,0,0,52.318,5,5,5,0
1059,61,2,24362,Yes,176.976,2,1,9,1,2,0,0,0,57.584,2,1,5,0
1060,61,2,130824,Yes,165.72,1,3,6,1,1,0,0,1,45.082,1,5,1,0
1061,64,2,48237,Yes,144.211,5,2,2,3,1,0,1,0,24.377,2,3,3,0
1062,55,1,149421,Yes,40.595,3,1,4,2,2,1,0,0,37.371,1,3,1,0
1063,60,1,140380,Yes,145.261,1,3,8,3,1,1,1,0,36.312,1,3,2,0
1064,68,2,70712,Yes,87.315,3,2,7,3,2,0,1,0,34.174,2,1,3,0
1065,41,2,70691,Yes,44.772,1,3,4,1,2,0,0,1,33.331,5,1,2,0
1066,47,2,45934,Yes,38.467,5,1,9,1,1,1,0,0,56.813,3,4,2,0
1067,40,2,117841,Yes,186.769,4,3,6,2,2,1,0,1,56.377,3,5,1,0
1068,19,1,44314,Yes,176.127,3,2,8,1,2,0,0,1,59.668,4,5,1,0
1069,20,1,50976,Yes,57.462,5,3,2,3,1,0,0,0,12.297,5,3,3,0
1070,41,1,46185,Yes,162.467,4,2,4,2,1,0,0,1,48.97,5,2,5,0
1071,68,1,45559,Yes,78.101,5,3,3,1,2,0,1,1,8.873,3,4,4,0
1072,67,2,126820,Yes,88.726,5,1,9,1,2,0,1,1,54.957,1,3,1,0
1073,25,2,27880,Yes,69.889,1,1,2,3,2,0,1,0,52.344,5,1,1,0
1074,31,2,143444,Yes,193.506,3,1,1,1,2,0,1,0,28.506,2,1,2,0
1075,22,1,80939,Yes,160.014,1,2,4,2,2,0,0,0,25.882,5,5,4,0
1076,51,2,41323,Yes,49.911,4,2,7,3,1,0,1,0,50.498,2,4,3,0
1077,42,1,139698,Yes,27.209,4,2,4,1,2,1,0,0,56.918,1,1,2,0
1078,62,2,146013,Yes,134.826,5,1,6,3,1,0,0,1,25.796,4,1,4,1
1079,47,2,64438,Yes,39.878,4,1,8,2,1,0,0,0,47.969,2,3,3,0
1080,37,1,71616,Yes,184.376,4,2,2,3,2,1,0,1,36.782,4,4,4,1
1081,45,1,71243,Yes,58.186,5,1,7,2,2,0,0,1,2.702,3,1,4,0
1082,57,2,133991,Yes,101.855,1,2,7,1,2,1,1,0,49.585,3,5,2,0
1083,47,1,95530,Yes,68.11,5,1,4,3,1,0,0,0,38.355,4,2,4,0
1084,25,1,94123,Yes,127.013,1,1,6,3,1,0,1,1,10.207,4,4,2,1
1085,21,1,65952,Yes,100.055,5,1,4,2,1,0,0,1,7.413,2,5,1,0
1086,28,2,140284,Yes,148.495,3,3,8,2,2,0,1,0,0.674,1,1,5,0
1087,36,1,145234,Yes,189.622,2,3,5,1,1,1,1,1,12.221,5,5,1,1
1088,31,1,120134,Yes,103.592,4,1,1,3,2,1,1,0,29.888,3,1,2,0
1089,55,1,122958,Yes,98.185,2,2,4,2,2,0,0,0,32.272,4,4,1,0
1090,42,2,20864,Yes,31.268,2,2,5,2,1,0,0,0,10.56,1,3,1,0
1091,55,1,125245,Yes,115.462,2,3,5,1,2,1,1,0,51.128,5,5,4,0
1092,56,2,48734,Yes,15.579,3,3,8,1,1,0,0,1,39.192,5,2,5,0
1093,19,2,133974,Yes,153.667,2,3,4,1,1,0,0,0,33.845,3,1,2,0
1094,47,2,60541,Yes,118.113,2,1,8,1,2,1,1,1,19.224,5,1,1,0
1095,39,1,41740,Yes,152.31,4,2,4,1,2,0,1,0,12.22,1,2,4,0
1096,41,2,20437,Yes,96.503,5,1,2,3,2,0,1,1,9.352,1,1,1,0
1097,48,2,70837,Yes,19.262,5,1,3,2,1,1,0,1,42.213,5,1,2,0
1098,58,2,48478,Yes,192.508,1,2,4,3,2,0,1,0,52.43,3,3,5,0
1099,21,2,90253,Yes,32.297,3,2,9,3,2,0,1,0,9.364,3,1,1,0
1100,39,2,88776,Yes,86.68,2,1,4,1,1,0,1,0,22.183,4,5,3,1
1101,45,1,62363,Yes,171.651,2,1,2,2,1,0,1,1,2.131,1,3,3,0
1102,32,2,124333,Yes,199.75,5,1,9,2,1,1,1,0,11.863,2,1,1,0
1103,69,1,71823,Yes,100.32,4,2,2,1,1,1,1,0,57.812,4,3,5,0
1104,36,1,81870,Yes,102.934,1,2,3,2,2,1,0,1,11.287,1,1,2,0
1105,58,2,120168,Yes,68.929,3,1,5,1,2,1,1,1,25.977,3,2,3,0
1106,69,2,145251,Yes,194.934,3,3,9,3,1,0,0,0,8.556,5,4,2,0
1107,34,2,144501,Yes,183.115,3,2,1,3,2,0,0,1,52.915,5,2,2,0
1108,37,2,28128,Yes,35.106,2,1,7,2,1,1,1,0,15.975,1,5,1,0
1109,47,1,80952,Yes,101.386,3,3,8,1,1,0,1,0,4.41,3,2,3,0
1110,44,2,38973,Yes,134.643,4,3,4,2,1,0,0,0,45.404,5,1,4,0
1111,32,1,70688,Yes,150.582,5,2,9,3,1,1,1,1,1.374,4,4,5,1
1112,19,1,35961,Yes,184.835,4,1,7,2,2,0,0,0,38.548,3,1,1,0
1113,58,2,24600,Yes,136.869,1,3,8,2,1,0,0,0,38.896,4,5,4,0
1114,68,2,47270,Yes,146.69,2,2,7,2,1,1,0,0,12.908,4,3,1,0
1115,37,2,149652,Yes,178.992,2,1,4,1,1,0,0,1,22.495,2,3,4,0
1116,22,2,77107,Yes,61.997,3,2,1,1,1,1,1,1,37.416,5,1,5,1
1117,25,2,140159,Yes,54.436,2,3,2,3,2,1,0,0,58.387,1,2,5,0
1118,52,1,132576,Yes,26.497,4,1,8,2,1,0,1,1,12.787,4,4,2,0
1119,59,1,23400,Yes,75.557,3,2,9,2,2,1,0,1,58.561,5,5,5,0
1120,52,1,102238,Yes,139.296,3,1,8,3,1,1,0,1,33.313,3,1,2,0
1121,35,1,144479,Yes,66.537,2,1,7,1,1,0,0,1,0.033,3,4,5,0
1122,42,1,52609,Yes,70.105,2,1,5,1,1,0,1,0,12.688,2,4,5,0
1123,25,1,66790,Yes,30.693,2,3,1,1,1,1,1,1,9.156,5,1,2,0
1124,22,1,45151,Yes,134.892,3,3,1,1,2,0,1,0,32.195,4,2,5,0
1125,53,1,59341,Yes,48.518,5,3,7,3,2,1,0,0,40.871,5,4,4,0
1126,35,1,134469,Yes,78.241,4,1,5,2,1,0,0,1,46.153,4,1,2,0
1127,68,2,109615,Yes,188.333,2,2,6,3,2,0,1,0,50.937,3,4,1,0
1128,64,2,121256,Yes,87.155,2,3,2,3,1,0,1,1,52.526,2,4,5,1
1129,22,2,130829,Yes,157.357,5,1,5,3,2,0,1,0,25.854,2,3,4,0
1130,62,1,84236,Yes,165.268,2,2,2,1,1,0,0,0,31.563,1,3,5,0
1131,62,1,42102,Yes,62.209,2,2,3,1,2,0,0,0,27.395,2,5,2,0
1132,39,1,40620,Yes,26.984,5,1,8,1,1,0,0,0,47.293,2,1,1,0
1133,69,2,130997,Yes,50.942,3,1,4,2,2,1,0,1,9.378,1,1,1,0
1134,35,2,29465,Yes,119.546,3,3,5,3,1,0,0,0,34.669,2,4,1,0
1135,61,1,89285,Yes,65.813,2,2,5,2,2,1,0,0,31.764,4,1,1,0
1136,64,1,111906,Yes,142.931,5,3,6,1,1,1,0,0,5.202,1,5,5,0
1137,23,1,110100,Yes,109.897,5,3,1,1,1,0,0,1,48.823,3,1,2,0
1138,50,2,83461,Yes,168.548,2,1,5,1,2,0,1,1,19.542,2,5,5,0
1139,53,1,112898,Yes,34.515,1,3,9,1,1,1,0,0,12.248,4,2,4,0
1140,46,1,85346,Yes,123.087,1,3,1,3,1,0,0,1,19.701,1,1,1,0
1141,21,2,53483,Yes,48.904,3,3,2,3,1,0,1,1,16.314,2,1,1,0
1142,23,1,131676,Yes,164.588,2,2,2,1,2,1,0,1,35.399,2,3,3,0
1143,52,1,44722,Yes,83.905,5,3,2,1,1,1,0,0,43.98,4,4,5,0
1144,64,1,36143,Yes,121.138,2,1,4,1,1,0,1,1,19.286,3,5,4,0
1145,65,2,45416,Yes,119.837,4,1,1,3,2,1,0,0,8.718,2,3,5,0
1146,56,1,142339,Yes,69.758,3,3,9,2,2,0,0,0,32.676,5,3,2,0
1147,40,1,58731,Yes,33.607,1,3,7,1,1,0,0,0,8.244,2,4,5,0
1148,53,1,111904,Yes,100.078,2,1,4,3,2,1,0,1,28.214,4,4,2,1
1149,19,1,45917,Yes,186.012,1,2,6,2,2,1,0,1,48.26,1,1,2,0
1150,69,1,110795,Yes,136.451,5,1,6,2,2,1,0,1,35.767,2,4,5,0
1151,62,2,129492,Yes,106.48,2,3,8,3,1,0,1,0,12.067,2,4,5,0
1152,43,2,125084,Yes,47.6,2,2,8,2,2,0,1,1,29.662,4,4,1,0
1153,36,1,84825,Yes,161.144,4,2,5,2,1,1,0,0,13.912,5,1,2,0
1154,33,1,132816,Yes,113.996,1,2,3,2,2,0,0,0,32.114,3,2,1,0
1155,58,1,56610,Yes,182.159,4,2,8,1,1,0,0,1,15.32,4,1,4,0
1156,53,2,97419,Yes,49.511,1,3,6,2,1,0,0,0,27.749,2,2,1,0
1157,33,2,105342,Yes,178.381,3,2,5,2,2,0,0,0,39.31,4,4,5,0
1158,37,2,68262,Yes,46.333,4,1,8,1,2,0,0,1,31.111,1,3,2,0
1159,67,2,27263,Yes,111.139,4,2,4,2,2,0,1,1,0.096,4,1,2,0
1160,20,1,68777,Yes,92.435,2,1,5,2,1,0,0,0,38.742,1,4,4,0
1161,46,1,54557,Yes,143.648,3,3,5,3,1,0,1,1,53.402,1,1,1,0
1162,66,2,122955,Yes,120.641,3,3,7,1,2,0,0,1,15.709,4,3,3,0
1163,32,2,124959,Yes,191.29,5,3,9,1,2,1,0,1,44.073,5,1,5,0
1164,64,2,142155,Yes,111.821,3,2,2,2,2,0,0,0,44.91,4,2,3,0
1165,62,1,68782,Yes,66.274,4,1,3,1,1,0,1,1,45.363,4,4,1,0
1166,31,2,43415,Yes,118.007,2,3,3,2,1,1,1,1,44.243,4,2,3,0
1167,29,2,41415,Yes,173.785,5,3,6,3,1,0,0,0,46.364,5,2,3,0
1168,39,1,25907,Yes,94.663,4,1,7,2,1,1,0,1,16.039,3,4,5,0
1169,30,1,147370,Yes,101.216,3,3,2,2,1,0,1,0,55.79,4,4,5,0
1170,24,2,24277,Yes,19.839,3,2,2,1,2,1,0,0,40.325,2,1,1,0
1171,54,1,114132,Yes,116.771,5,2,1,1,2,0,0,1,4.968,3,1,3,0
1172,69,2,44257,Yes,12.443,1,1,7,2,2,0,0,0,58.839,1,2,1,0
1173,33,1,64919,Yes,153.23,4,2,5,3,2,0,1,0,0.092,5,4,2,0
1174,43,1,94500,Yes,125.463,4,1,4,2,1,0,0,0,53.811,4,4,2,0
1175,63,2,126805,Yes,103.544,3,1,6,2,1,1,0,1,53.673,4,4,3,0
1176,55,2,20150,Yes,114.735,5,2,4,3,1,1,0,0,40.511,3,5,4,0
1177,61,2,65860,Yes,30.511,1,1,1,2,1,0,1,1,48.42,3,1,3,0
1178,66,2,47076,Yes,45,3,3,7,3,1,1,0,1,54.86,1,5,5,0
1179,30,1,130655,Yes,126.839,1,1,5,2,1,1,0,0,50.719,1,4,4,0
1180,54,2,103918,Yes,87.462,4,1,1,3,2,0,1,0,24.698,4,1,2,0
1181,38,1,129523,Yes,195.784,5,3,7,3,1,0,1,0,20.788,1,1,1,0
1182,61,1,80076,Yes,172.688,4,1,7,3,1,0,0,1,51.31,2,1,5,0
1183,69,1,94601,Yes,197.353,2,3,3,1,2,0,0,0,29.873,1,4,3,0
1184,18,2,101889,Yes,95.51,1,1,7,2,1,0,0,0,18.195,3,3,2,0
1185,25,2,53943,Yes,82.287,4,1,1,2,1,0,0,0,59.742,4,1,3,0
1186,37,2,63111,Yes,148.734,1,2,3,1,1,0,1,0,45.562,1,4,2,0
1187,32,2,103493,Yes,44.55,5,3,2,3,2,1,1,1,47.861,2,2,2,0
1188,54,2,149457,Yes,40.097,5,2,2,3,1,0,1,0,43.241,5,2,1,0
1189,18,2,39359,Yes,83.918,5,1,3,2,2,0,0,0,9.53,4,3,5,0
1190,29,1,98984,Yes,97.447,5,2,2,2,1,0,0,0,40.693,1,4,1,0
1191,49,1,89184,Yes,68.869,2,1,2,2,2,0,0,1,26.216,1,4,5,0
1192,60,2,123147,Yes,25.006,1,3,3,3,1,1,1,1,22.563,2,3,2,0
1193,63,1,66271,Yes,115.786,2,1,7,2,2,0,1,1,36.287,2,4,2,0
1194,61,2,26147,Yes,174.283,1,3,5,2,2,0,1,0,49.003,3,5,1,0
1195,34,2,51451,Yes,198.605,3,3,9,2,1,0,1,0,32.208,3,1,4,0
1196,40,2,49732,Yes,120.004,1,3,4,1,2,0,0,0,22.794,3,3,3,0
1197,49,2,66768,Yes,63.461,3,3,1,3,1,0,0,1,26.046,3,3,2,0
1198,44,2,74120,Yes,108.528,4,1,4,2,2,0,1,1,6.812,3,1,4,0
1199,27,1,32654,Yes,15.68,5,1,2,1,2,0,0,0,23.57,1,5,2,0
1200,38,2,24547,Yes,34.277,1,3,1,1,1,0,1,1,51.1,2,4,4,0
1201,31,1,92198,Yes,193.119,5,3,4,2,2,1,1,0,37.928,2,3,1,0
1202,64,2,93229,Yes,172.318,4,1,9,2,1,0,0,0,35.67,5,2,2,0
1203,48,1,33065,Yes,114.05,5,1,1,1,1,0,0,1,52.862,1,5,2,0
1204,22,1,93822,Yes,164.589,2,2,1,3,2,0,1,1,34.187,3,5,2,0
1205,66,2,105149,Yes,159.321,5,2,3,3,2,0,0,1,54.103,1,3,3,0
1206,27,2,148712,Yes,115.947,3,1,9,2,1,0,1,0,8.055,4,4,2,0
1207,36,2,41417,Yes,123.756,5,2,3,2,1,0,1,0,19.815,3,2,1,0
1208,51,2,145401,Yes,136.849,4,3,1,1,1,0,0,1,17.524,5,2,5,0
1209,42,2,78302,Yes,61.931,1,3,9,1,2,0,0,1,50.267,5,5,1,0
1210,53,2,74609,Yes,196.059,4,3,8,1,2,0,0,1,35.361,4,5,3,0
1211,67,1,113717,Yes,94.095,2,3,5,2,2,0,0,1,6.169,1,1,2,0
1212,38,2,41126,Yes,126.775,4,1,6,3,2,1,0,0,0.302,1,2,5,0
1213,24,2,39498,Yes,80.865,5,1,5,3,2,1,1,0,14.128,4,4,1,0
1214,21,2,140769,Yes,21.783,3,2,1,3,1,0,0,1,4.816,4,3,1,0
1215,55,2,75552,Yes,51.118,4,2,7,3,1,1,1,1,50.905,2,5,4,1
1216,23,1,72506,Yes,155.931,4,3,2,3,1,0,0,1,43.046,2,5,3,0
1217,62,1,116124,Yes,127.201,1,2,9,3,1,1,0,1,18.48,3,5,5,1
1218,49,1,75161,Yes,98.725,3,2,8,2,1,1,1,1,12.029,4,2,5,1
1219,65,2,51043,Yes,187.977,5,3,1,1,1,1,0,1,57.485,5,3,4,1
1220,46,1,24570,Yes,143.435,2,2,1,3,1,0,1,1,23.253,4,3,5,1
1221,30,1,69733,Yes,30.929,5,2,6,2,2,1,0,0,18.968,5,5,1,0
1222,23,1,147385,Yes,103.033,4,2,5,2,1,0,0,0,59.744,5,4,2,0
1223,45,1,36351,Yes,31.1,4,2,3,1,2,0,0,0,51.711,2,3,1,0
1224,32,2,149728,Yes,156.87,3,3,8,1,2,0,1,1,33.473,2,1,1,0
1225,30,1,81899,Yes,86.915,1,3,2,2,2,0,1,1,28.716,5,1,2,0
1226,30,2,99128,Yes,68.704,4,3,7,1,2,0,0,0,14.825,3,5,4,0
1227,66,1,74427,Yes,163.967,1,2,5,1,1,0,0,0,30.623,3,3,4,0
1228,67,1,48404,Yes,142.942,5,3,2,1,2,0,0,0,15.756,5,2,3,0
1229,25,2,112333,Yes,139.798,1,1,5,1,1,1,0,1,10.507,5,3,5,0
1230,58,1,79037,Yes,144.994,5,2,8,3,2,0,0,1,33.612,5,3,4,0
1231,49,2,120539,Yes,189.793,1,1,5,3,2,0,1,1,43.591,3,1,5,0
1232,21,1,42065,Yes,95.186,1,1,2,3,1,1,1,1,15.318,4,2,1,1
1233,47,2,68945,Yes,50.48,5,3,6,1,2,0,0,0,10.484,3,4,3,0
1234,42,2,143716,Yes,115.472,4,2,7,2,2,0,0,1,7.663,1,3,4,0
1235,36,1,138770,Yes,144.648,5,1,5,3,1,1,1,1,52.444,4,1,4,1
1236,69,2,24313,Yes,192.319,4,2,4,2,2,0,0,0,26.951,1,2,4,0
1237,58,2,135183,Yes,35.505,5,2,5,3,2,0,0,0,32.889,3,3,2,0
1238,31,2,136693,Yes,161.845,2,1,5,2,2,0,0,0,27.602,5,3,3,0
1239,48,2,107653,Yes,131.793,1,3,7,3,2,1,1,1,25.821,1,5,4,1
1240,58,2,143279,Yes,166.969,4,3,8,3,2,0,1,1,3.957,4,5,2,1
1241,61,2,82695,Yes,197.777,3,1,6,3,2,1,1,1,17.035,3,2,4,0
1242,26,2,88164,Yes,128.344,5,3,7,1,2,0,0,1,22.492,4,1,5,0
1243,46,2,128569,Yes,131.515,1,3,7,3,1,1,0,1,50.225,2,1,4,0
1244,48,1,139175,Yes,145.903,4,2,2,3,1,0,0,1,35.731,1,3,1,0
1245,19,1,89300,Yes,161.045,4,1,3,2,2,0,0,1,47.513,2,4,3,0
1246,38,2,69568,Yes,33.302,1,1,6,3,2,0,0,0,29.761,5,5,1,0
1247,65,2,31899,Yes,146.111,1,3,2,3,1,0,0,0,46.688,3,2,4,0
1248,32,2,102532,Yes,143.883,4,3,3,1,1,0,1,1,48.37,2,4,5,1
1249,20,2,129285,Yes,134.606,1,3,7,1,2,0,0,1,54.98,3,4,1,0
1250,51,1,132819,Yes,164.104,5,3,8,3,1,0,0,1,39.935,3,5,1,0
1251,20,1,50299,Yes,33.764,3,2,3,3,2,1,1,1,10.673,1,1,5,0
1252,33,1,36674,Yes,23.644,4,1,8,1,2,1,0,1,27.588,2,2,2,0
1253,52,1,109245,Yes,68.73,3,1,4,3,1,0,1,0,49.317,2,5,4,1
1254,46,2,144655,Yes,136.879,2,1,2,1,1,1,1,1,35.898,5,5,1,1
1255,62,2,95252,Yes,68.188,2,1,6,2,1,0,1,0,34.799,2,5,1,0
1256,62,1,130453,Yes,185.973,2,2,9,3,2,0,0,0,8.998,2,5,3,0
1257,19,2,58287,Yes,71.498,1,1,9,2,2,0,1,1,13.235,5,4,2,0
1258,30,1,54812,Yes,79.342,3,1,9,1,1,1,1,1,29.636,5,3,1,1
1259,47,1,20731,Yes,146.814,4,1,8,2,1,1,0,1,25.478,4,1,3,0
1260,48,2,92280,Yes,76.578,3,2,7,1,2,0,1,1,46.923,3,1,1,0
1261,28,2,84076,Yes,18.699,2,1,8,3,1,1,0,1,35.745,3,3,3,0
1262,54,1,124840,Yes,144.887,2,1,6,1,2,0,0,0,22.357,3,3,4,0
1263,41,1,23950,Yes,194.165,1,3,9,3,1,0,1,0,56.537,5,5,5,0
1264,52,2,138749,Yes,60.459,2,2,4,3,1,0,1,0,43.355,5,5,1,1
1265,24,1,56212,Yes,149.345,3,1,6,2,1,0,1,0,4.312,5,3,3,0
1266,69,1,84762,Yes,38.241,2,3,7,1,2,0,1,0,33.001,3,3,3,0
1267,64,2,147243,Yes,35.05,1,1,8,3,1,1,0,1,17.988,4,1,1,0
1268,37,2,122112,Yes,69.369,1,3,8,2,1,0,0,0,24.86,2,3,2,0
1269,22,2,124788,Yes,71.365,5,1,3,3,2,1,0,1,53.259,4,3,3,0
1270,39,1,145371,Yes,116.548,2,3,6,3,2,0,1,0,39.357,4,4,2,0
1271,53,2,103361,Yes,91.29,4,3,7,2,2,0,1,0,21.496,4,3,5,0
1272,30,2,81382,Yes,66.418,2,1,8,2,2,0,0,1,40.66,1,1,3,0
1273,30,2,113286,Yes,93.244,4,2,9,2,2,1,1,1,8.67,4,4,4,1
1274,27,1,41381,Yes,152.45,5,2,1,3,1,0,0,1,16.698,2,3,1,0
1275,51,1,42975,Yes,168.768,5,3,6,2,1,1,0,1,13.869,5,4,3,0
1276,42,1,39943,Yes,27.522,5,3,7,1,1,1,1,0,44.646,1,5,5,0
1277,36,1,43326,Yes,171.41,5,1,1,1,1,0,0,0,29.464,3,5,1,0
1278,35,2,55454,Yes,129.122,3,1,1,2,1,0,1,1,58.404,4,3,3,0
1279,18,1,21073,Yes,83.19,3,2,2,1,1,1,1,1,24.235,5,1,5,1
1280,64,1,127760,Yes,156.607,4,2,7,2,1,0,1,1,25.192,1,4,2,0
1281,33,1,136837,Yes,153.053,5,2,7,3,2,1,0,0,40.861,1,5,5,0
1282,39,1,147882,Yes,143.957,1,1,3,1,2,0,1,1,14.633,2,1,5,0
1283,65,2,64898,Yes,83.537,4,1,8,2,1,0,0,0,5.472,4,3,2,0
1284,65,2,39551,Yes,71.164,4,3,3,3,1,0,0,1,27.075,2,5,1,0
1285,51,1,89947,Yes,189.239,2,3,6,3,1,1,0,0,7.18,5,5,5,1
1286,40,1,25034,Yes,150.646,5,1,6,3,1,0,0,1,6.358,3,2,3,0
1287,64,2,106131,Yes,183.707,3,3,6,1,2,0,0,1,19.538,1,3,4,0
1288,54,2,64136,Yes,117.177,1,1,9,2,1,0,0,1,16.292,1,3,2,0
1289,52,2,36483,Yes,59.451,2,2,8,1,1,0,0,1,19.629,2,5,1,0
1290,24,1,71235,Yes,100.152,2,3,1,1,2,0,1,0,34.738,3,2,5,0
1291,53,2,58484,Yes,185.055,3,2,4,2,1,0,0,1,28.418,5,2,1,0
1292,63,1,144991,Yes,13.26,1,1,3,3,1,0,0,0,31.797,5,5,3,0
1293,69,2,39636,Yes,128.697,1,1,8,1,2,1,0,0,30.911,4,2,4,0
1294,35,2,108289,Yes,14.519,4,3,7,3,2,0,0,1,59.649,5,1,4,0
1295,67,2,52485,Yes,171.095,4,2,7,3,1,0,0,1,2.974,5,3,2,0
1296,57,2,135768,Yes,189.132,4,2,7,2,2,0,0,0,57.434,2,2,4,0
1297,49,2,58909,Yes,148.051,2,1,7,1,2,0,0,1,6.763,2,2,5,0
1298,56,1,134286,Yes,89.073,2,3,3,1,2,1,1,1,49.752,5,5,5,1
1299,67,2,75111,Yes,132.844,5,3,4,1,2,0,1,0,3.663,4,4,4,1
1300,63,1,49297,Yes,138.852,3,1,7,2,1,0,1,0,55.2,5,3,4,0
1301,35,2,95984,Yes,26.159,3,1,2,3,1,0,1,1,27.5,1,4,4,1
1302,63,1,139580,Yes,91.071,1,1,8,2,1,0,0,1,25.233,4,5,2,0
1303,21,1,113599,Yes,101.256,3,2,8,1,1,0,0,1,0.04,2,2,2,0
1304,58,2,62444,Yes,135.649,1,2,8,3,2,0,0,1,57.094,5,3,5,0
1305,39,2,133625,Yes,187.996,2,1,6,1,2,0,0,1,22.486,1,1,1,0
1306,44,1,122923,Yes,132.074,4,1,3,1,2,0,0,0,10.694,4,3,1,0
1307,24,1,148016,Yes,145.906,3,1,2,1,2,0,0,1,48.044,1,3,5,0
1308,44,2,40875,Yes,173.274,1,1,8,2,2,0,1,0,26.924,5,4,1,0
1309,49,1,78920,Yes,101.467,1,1,2,3,2,0,0,0,28.999,2,1,1,0
1310,51,1,74106,Yes,65.805,4,1,1,2,2,0,0,1,16.936,5,2,4,0
1311,23,2,24621,Yes,66.575,3,3,4,1,2,0,0,1,47.136,1,3,5,0
1312,26,1,93768,Yes,177.5,2,2,9,1,2,1,1,0,37.562,2,1,1,0
1313,46,2,78761,Yes,121.645,5,2,6,3,1,0,0,0,13.289,1,5,5,0
1314,21,2,23860,Yes,157.166,5,3,2,2,2,0,1,0,24.879,2,1,2,0
1315,60,1,106565,Yes,197.578,5,3,3,1,1,0,0,1,30.623,5,5,4,1
1316,46,1,143417,Yes,105.431,5,3,9,2,1,0,0,1,30.296,2,2,4,0
1317,54,1,26210,Yes,48.657,4,1,5,3,2,1,1,1,0.513,3,2,3,0
1318,20,1,97382,Yes,93.709,4,1,6,2,1,0,0,0,44.334,2,5,3,0
1319,33,1,113459,Yes,87.488,3,2,1,3,1,1,0,0,10.75,4,4,4,1
1320,36,2,94675,Yes,167.89,5,3,9,2,2,0,1,1,7.332,4,4,3,0
1321,55,2,96671,Yes,122.03,5,2,3,2,2,1,0,1,34.018,4,1,4,0
1322,59,1,103191,Yes,17.13,1,3,2,2,1,1,1,1,18.883,3,5,3,1
1323,20,1,91812,Yes,70.407,4,1,1,2,1,0,0,0,0.015,2,3,5,0
1324,43,1,58774,Yes,19.919,5,1,6,2,1,1,0,0,58.564,1,2,1,0
1325,41,1,40283,Yes,89.057,5,2,9,1,2,0,0,0,5.772,2,3,2,0
1326,31,2,102165,Yes,110.438,2,3,6,3,1,0,1,0,15.946,4,2,1,0
1327,23,1,57832,Yes,51.805,5,3,5,2,1,0,1,1,50.556,5,2,1,0
1328,69,2,101500,Yes,40.845,4,1,9,2,2,1,0,1,8.696,4,4,2,0
1329,31,1,60445,Yes,195.745,2,2,7,3,2,0,0,1,59.489,3,1,4,0
1330,39,1,138869,Yes,70.412,5,3,3,3,1,1,0,1,37.051,1,4,1,0
1331,42,1,102295,No,81.757,2,3,8,3,1,0,0,0,48.218,1,1,5,0
1332,42,1,67826,No,76.924,5,2,3,3,2,1,0,1,10.184,5,3,1,0
1333,61,1,127735,Yes,114.591,4,2,7,2,1,0,0,0,43.014,4,1,5,0
1334,33,2,119581,No,121.733,3,3,3,1,1,1,1,1,15.012,1,4,1,1
1335,60,2,70633,Yes,36.876,1,1,7,1,1,0,0,0,18.597,2,1,2,0
1336,34,2,37772,No,141.239,3,1,4,3,1,0,0,1,47.771,2,3,4,0
1337,49,2,29371,No,180.393,2,2,6,1,2,0,1,1,41.839,4,5,1,0
1338,44,2,116560,Yes,64.125,2,3,4,1,2,0,1,0,45.297,1,4,3,0
1339,56,1,49632,No,148.736,5,3,2,2,2,0,0,0,31.556,2,5,5,0
1340,67,2,41527,Yes,55.493,3,1,2,1,2,0,0,0,39.577,2,4,2,0
1341,33,2,82610,Yes,130.082,2,3,8,3,2,0,1,0,10.692,5,3,4,0
1342,62,2,31978,No,192.279,5,1,6,2,1,0,1,0,1.761,1,3,2,0
1343,33,1,109428,No,144.347,5,3,3,3,2,0,0,1,41.994,4,4,2,0
1344,37,2,128045,Yes,148.064,3,3,3,2,1,0,1,0,19.776,5,2,5,1
1345,68,1,50961,No,99.966,2,3,2,1,2,0,0,1,46.851,5,3,3,0
1346,27,1,124945,No,80.847,4,2,5,1,1,0,1,1,19.594,4,1,4,0
1347,40,1,96655,No,178.587,5,1,1,3,1,0,0,1,47.589,2,1,4,0
1348,62,2,132001,Yes,32.404,4,2,4,2,2,0,1,1,28.296,4,5,1,0
1349,60,2,60737,Yes,66.046,4,1,6,2,1,0,0,0,55.753,4,5,2,0
1350,57,1,144002,No,31.39,4,1,1,3,2,0,0,0,11.973,4,2,2,0
1351,43,1,89392,Yes,150.263,3,1,4,3,1,0,1,0,59.971,4,5,5,1
1352,43,2,135581,Yes,98.35,5,2,2,2,1,0,0,1,58.778,4,4,3,0
1353,44,1,60172,Yes,106.798,2,3,9,1,2,0,1,1,51.119,4,3,5,0
1354,46,2,126264,Yes,145.123,5,2,3,2,1,0,0,0,7.913,5,3,3,0
1355,44,2,35147,No,15.302,4,2,8,2,2,0,1,0,41.471,3,1,5,0
1356,41,1,38506,No,156.131,4,3,2,2,1,0,0,0,17.499,5,1,3,0
1357,52,2,63957,Yes,112.842,3,3,6,3,2,1,1,0,20.326,1,1,3,0
1358,54,2,48049,No,150.025,4,3,9,2,2,1,0,0,8.019,3,1,3,0
1359,40,2,99500,No,17.395,4,2,4,2,2,1,1,1,57.89,5,3,2,0
1360,48,2,32259,Yes,115.231,2,2,4,2,2,1,1,1,51.628,4,2,4,0
1361,60,1,148431,Yes,134.204,2,3,9,2,2,0,0,0,33.144,3,4,3,0
1362,33,1,59583,Yes,58.565,2,1,6,3,2,0,0,1,39.5,1,3,4,0
1363,18,2,120166,Yes,51.845,3,1,7,2,2,1,1,1,51.256,5,3,2,0
1364,58,2,88894,No,25.049,4,1,2,2,2,1,1,0,48.051,3,3,2,0
1365,31,2,37407,Yes,157.795,4,1,6,1,2,0,0,0,53.096,1,4,1,0
1366,47,1,124637,No,81.646,4,1,2,2,2,0,1,0,41.504,5,3,5,0
1367,40,2,51442,No,20.105,3,3,9,2,2,0,0,1,4.047,2,4,2,0
1368,57,1,25781,Yes,40.034,5,2,5,3,2,0,1,0,22.506,4,2,3,0
1369,45,2,37727,Yes,90.391,4,1,1,1,2,0,0,0,24.394,1,5,3,0
1370,66,2,113729,Yes,20.511,2,3,8,2,2,1,1,0,37.158,4,3,3,0
1371,54,1,98671,No,66.919,3,2,4,1,2,0,0,0,50.247,1,2,2,0
1372,57,1,70701,No,132.74,2,2,3,2,1,0,1,0,41.794,3,2,1,0
1373,21,2,133011,Yes,141.324,5,2,5,2,1,0,0,0,4.936,1,1,3,0
1374,34,1,44396,No,23.563,2,1,9,3,1,0,1,0,55.78,5,5,5,0
1375,60,2,106932,Yes,86.333,2,3,3,1,2,0,1,0,31.487,5,1,5,0
1376,27,1,84302,No,40.953,4,3,2,1,1,0,0,0,7.211,1,2,5,0
1377,52,1,146559,No,120.353,4,2,5,2,2,0,1,0,22.785,3,3,2,0
1378,25,1,142823,No,113.915,2,2,8,1,1,1,0,0,53.046,3,2,5,0
1379,36,2,79019,Yes,161.31,5,2,6,2,2,1,1,0,34.144,1,5,4,0
1380,42,2,105448,Yes,45.023,5,2,1,1,1,0,0,1,53.951,5,2,5,0
1381,37,2,46304,No,136.602,2,3,9,2,1,1,1,0,35.766,4,4,5,0
1382,64,2,49825,Yes,118.923,3,1,4,2,1,0,1,0,38.731,3,5,5,0
1383,60,1,84644,No,139.278,4,1,1,3,2,0,0,1,21.385,2,2,2,0
1384,43,2,136185,Yes,131.64,1,3,6,1,1,1,0,0,14.406,5,3,2,0
1385,42,1,101944,No,37.383,5,2,7,1,2,0,0,1,47.803,3,3,1,0
1386,62,1,26014,Yes,59.863,2,2,3,1,2,1,0,0,32.369,3,4,5,0
1387,56,2,26033,No,92.089,5,1,9,3,1,0,0,1,38.429,3,1,2,0
1388,38,1,21536,No,186.631,1,1,9,1,2,0,0,0,6.34,4,4,4,0
1389,41,2,53342,Yes,94.726,1,3,2,3,2,0,0,0,34.805,5,5,5,0
1390,31,1,103434,Yes,20.858,1,3,6,1,1,1,1,1,23.122,1,1,5,0
1391,67,2,94300,Yes,76.167,5,2,8,3,2,1,1,0,15.782,5,5,4,1
1392,49,2,55787,Yes,35.037,3,1,5,3,2,0,1,0,36.603,5,5,2,0
1393,61,1,59208,Yes,112.111,5,3,4,3,1,0,0,0,15.577,5,5,1,1
1394,42,2,99528,No,21.852,3,3,6,3,1,1,1,0,31.876,2,2,3,0
1395,28,2,54070,No,176.576,1,2,3,2,2,0,0,1,15.804,1,2,1,0
1396,37,1,108559,No,75.629,3,3,3,1,2,0,1,1,28.813,3,5,2,0
1397,20,1,125213,Yes,71.107,1,1,3,3,1,0,0,0,50.911,1,2,2,0
1398,61,1,91475,Yes,134.823,2,3,7,2,2,0,1,1,46.602,4,3,4,0
1399,33,1,63797,Yes,77.31,3,3,5,1,2,1,0,1,12.634,1,1,1,0
1400,36,1,111713,No,45.641,4,2,4,3,2,0,0,1,55.801,3,5,3,0
1401,51,1,67850,Yes,78.429,4,3,5,2,2,0,1,1,58.551,1,1,2,0
1402,63,1,107425,No,196.014,4,1,9,2,1,0,1,1,25.061,4,2,5,0
1403,19,1,35923,Yes,107.652,4,1,3,1,1,0,0,1,41.181,3,5,5,0
1404,38,1,119288,No,199.924,5,3,1,1,2,0,1,0,59.51,5,4,1,0
1405,35,2,120153,Yes,59.146,2,2,8,2,1,0,0,0,6.043,4,4,5,0
1406,38,2,67489,Yes,81.764,3,2,4,2,1,0,0,0,20.056,1,3,3,0
1407,55,2,115270,Yes,100.854,5,2,2,2,1,0,1,0,36.2,4,3,2,0
1408,35,2,134171,No,35.003,2,3,5,1,1,0,1,1,5.442,2,1,3,0
1409,29,1,68955,No,175.672,2,1,1,2,2,1,1,1,55.397,1,5,5,0
1410,39,2,110292,Yes,65.421,1,2,8,3,1,0,1,1,10.566,2,1,3,0
1411,20,2,141978,Yes,85.78,4,1,3,1,1,0,0,0,55.697,5,3,5,0
1412,58,1,61799,Yes,164.375,3,1,2,1,2,0,0,1,19.427,4,1,4,0
1413,18,2,116054,Yes,28.865,1,1,7,1,1,1,0,0,26.512,5,1,3,0
1414,42,2,121317,No,133.358,1,1,7,3,1,0,1,0,28.394,5,4,5,1
1415,25,1,83536,No,54.603,5,1,8,2,1,0,1,1,46.523,2,3,4,0
1416,34,1,28019,No,178.095,5,2,2,1,2,0,1,0,21.162,3,3,4,0
1417,52,2,35169,Yes,111.783,2,2,5,1,1,1,0,0,40.446,2,5,2,0
1418,51,1,30516,No,192.24,3,3,7,3,1,1,1,0,19.52,1,5,5,0
1419,42,2,45464,Yes,28.196,3,3,3,3,1,0,0,1,19.564,3,2,5,0
1420,45,1,33765,Yes,36.779,3,1,8,3,1,0,1,1,20.455,5,1,1,0
1421,38,1,69705,No,44.274,4,1,9,3,1,0,0,0,33.432,5,5,2,0
1422,45,2,65621,No,152.502,4,1,5,1,2,0,1,0,52.245,3,2,3,0
1423,61,1,139407,No,76.139,5,2,5,1,1,1,0,0,47.683,1,2,1,0
1424,36,1,46134,Yes,117.268,1,2,8,2,1,1,0,1,41.969,1,5,4,0
1425,61,2,26777,Yes,100.029,5,1,4,1,1,0,1,0,10.967,5,5,4,1
1426,26,1,109303,Yes,141.186,1,2,3,2,2,0,0,0,12.291,3,3,5,0
1427,60,1,147834,Yes,169.693,4,3,7,1,2,0,0,1,4.907,2,1,2,0
1428,69,1,63966,Yes,193.408,1,2,1,1,2,0,0,0,9.304,3,3,5,0
1429,50,1,22675,No,17.761,4,3,1,3,1,0,1,1,50.669,5,2,3,0
1430,24,1,107166,No,26.492,1,3,3,1,2,1,1,1,24.905,4,1,4,0
1431,32,2,74310,Yes,142.786,5,2,7,1,2,0,0,0,43.827,1,3,2,0
1432,26,2,36721,Yes,38.012,3,3,8,3,2,0,0,1,29.834,5,3,3,0
1433,36,1,91772,Yes,56.432,4,1,7,1,1,1,0,1,32.136,4,4,2,0
1434,47,1,98691,Yes,84.262,1,1,7,1,1,1,0,0,26.21,4,5,3,0
1435,31,1,110265,No,82.174,4,2,8,3,1,1,0,0,18.577,2,1,5,0
1436,40,1,82755,No,176.588,4,2,7,1,1,0,1,1,6.658,2,2,4,0
1437,43,1,48319,Yes,47.553,1,1,3,3,2,0,0,1,7.416,3,4,3,0
1438,25,1,32906,Yes,176.919,1,2,6,3,2,0,0,1,6.398,2,4,1,0
1439,58,2,148438,No,92.596,3,1,4,3,1,0,0,0,18.721,4,1,2,0
1440,31,1,113230,No,161.237,5,1,4,1,2,0,1,1,50.911,5,4,4,0
1441,25,1,81110,No,26.235,5,1,3,1,2,0,0,0,12.729,2,1,3,0
1442,21,2,147705,Yes,20.655,1,3,5,1,2,1,0,1,11.311,2,4,1,0
1443,37,2,142450,No,40.403,5,3,7,1,1,0,0,0,27.73,2,5,5,0
1444,60,1,34207,No,64.054,4,1,7,2,1,0,1,1,36.536,1,3,4,0
1445,64,2,71395,Yes,122.1,1,1,3,1,2,0,0,1,59.709,5,4,3,0
1446,21,1,111884,No,152.582,4,3,9,2,1,0,1,0,22.777,3,4,2,0
1447,19,1,81762,No,173.193,4,2,8,2,2,0,1,1,9.264,3,2,1,0
1448,34,1,100198,No,46.425,3,1,4,1,1,0,0,1,51.934,4,3,2,0
1449,60,1,74202,Yes,54.849,5,3,9,3,1,0,0,0,48.028,3,4,2,0
1450,37,1,47879,Yes,181.303,2,2,8,1,2,1,1,1,15.997,5,2,4,0
1451,19,2,101462,No,11.705,1,2,4,3,1,1,0,0,1.922,5,2,4,0
1452,40,2,54900,Yes,41.397,3,2,6,3,2,0,1,1,10.916,3,5,2,0
1453,46,1,128675,No,61.786,4,3,9,2,2,1,0,0,9.928,1,1,2,0
1454,44,1,32810,No,12.761,3,2,1,3,2,0,0,0,18.092,4,5,4,0
1455,62,1,56425,Yes,70.967,2,2,9,3,1,0,0,1,52.644,4,3,2,0
1456,55,1,44155,Yes,89.697,4,3,4,2,1,1,1,1,18.515,3,2,5,1
1457,34,2,138842,Yes,162.955,3,3,8,3,1,1,0,1,4.229,1,5,3,1
1458,41,1,62402,Yes,145.136,5,3,9,3,2,0,0,1,41.333,5,1,5,0
1459,29,2,106781,No,181.965,5,1,2,2,2,0,1,1,27.786,2,2,3,0
1460,36,1,27802,No,109.226,5,1,3,2,2,0,0,1,15.458,2,2,3,0
1461,41,2,88918,Yes,183.755,5,3,9,2,2,0,1,1,40.301,4,5,3,0
1462,21,2,84564,No,176.508,4,3,4,3,1,0,0,0,45.741,1,2,5,0
1463,36,2,105520,Yes,64.602,3,1,3,1,1,0,0,0,43.696,2,5,3,0
1464,54,2,101247,Yes,79.8,5,2,1,1,2,0,0,0,7.745,1,2,2,0
1465,49,2,20012,Yes,158.639,4,3,5,1,1,0,1,1,17.193,2,3,5,0
1466,59,1,31919,No,16.476,1,1,6,1,1,1,0,0,54.582,4,4,5,0
1467,19,1,128360,No,173.243,3,3,5,2,2,0,0,1,10.943,5,2,4,0
1468,37,1,56810,Yes,173.952,2,1,2,3,2,0,0,0,21.529,5,5,4,1
1469,34,1,63881,No,107.683,3,3,2,1,2,0,0,1,46.294,3,1,5,0
1470,46,2,127785,No,197.217,3,1,6,1,2,0,0,1,12.826,3,1,2,0
1471,54,2,134259,Yes,121.976,5,1,8,3,2,1,1,1,9.568,5,3,3,1
1472,65,1,138824,No,110.76,4,3,8,3,1,0,1,0,59.177,4,3,2,0
1473,36,2,42276,Yes,87.933,5,2,4,2,2,1,0,0,1.663,3,4,4,0
1474,65,1,110155,Yes,41.32,2,1,3,2,1,0,0,1,58.642,5,3,1,0
1475,54,1,121292,No,108.355,4,2,4,1,2,0,1,0,29.691,2,1,2,0
1476,68,1,126601,Yes,72.205,1,1,4,3,1,0,0,1,25.753,2,4,4,1
1477,36,2,52458,Yes,167.733,2,1,5,1,2,1,0,1,26.679,4,2,3,0
1478,56,1,123048,No,119.03,5,3,5,3,2,0,0,0,25.638,1,1,1,0
1479,36,2,74992,No,120.023,4,2,1,2,1,0,0,1,21.89,3,3,5,0
1480,36,1,46377,No,78.676,4,1,9,1,2,0,0,1,47.872,3,5,5,0
1481,43,2,133014,Yes,103.536,2,3,9,3,2,1,1,0,49.837,4,4,2,0
1482,56,1,114665,No,135,3,3,5,3,1,0,1,0,57.852,2,4,2,0
1483,40,1,137658,Yes,10.306,3,1,1,3,2,0,0,0,21.112,2,3,4,0
1484,31,2,123053,No,92.73,2,1,2,3,2,0,0,1,2.457,2,5,3,0
1485,45,1,97250,Yes,103.347,1,1,7,1,1,1,1,1,10.883,1,5,5,1
1486,19,2,148335,No,97.791,2,2,4,2,2,0,0,1,2.886,1,3,1,0
1487,24,1,141512,No,15.039,3,3,4,3,2,0,0,0,16.708,1,4,5,0
1488,27,1,142392,Yes,129.862,4,1,3,2,1,1,0,0,27.307,3,4,5,1
1489,25,1,149296,No,127.464,1,3,5,2,1,0,1,0,23.146,4,4,1,0
1490,43,2,24551,No,147.345,5,2,3,1,1,0,1,0,6.268,2,2,5,0
1491,46,2,78259,Yes,86.404,2,1,4,1,1,0,1,1,27.63,5,1,3,1
1492,65,2,75623,Yes,132.167,3,1,8,3,2,1,0,1,7.652,4,5,5,1
1493,23,1,115806,No,97.056,4,1,9,3,1,1,1,1,31.432,4,4,3,1
1494,19,1,111655,Yes,112.739,2,2,9,1,2,1,1,1,3.672,1,4,1,0
1495,47,1,76724,No,43.659,3,1,6,2,1,1,1,1,25.244,4,5,1,0
1496,63,2,57295,No,156.211,5,2,5,3,1,0,0,1,31.097,5,1,5,0
1497,36,2,135359,No,40.187,5,3,5,1,1,0,0,0,49.68,4,5,3,0
1498,21,2,78400,No,114.206,2,1,6,1,1,0,0,0,14.465,2,3,4,0
1499,61,2,60147,Yes,66.171,1,3,2,3,1,1,1,0,9.872,2,4,4,1
1500,66,2,35593,No,48.517,5,2,9,1,2,0,0,0,50.333,1,3,3,0
1501,26,1,109229,No,177.46,3,1,9,3,2,0,1,0,31.113,5,3,4,0
1502,37,2,97187,No,77.008,4,2,6,1,2,0,0,0,28.241,3,4,3,0
1503,61,2,103362,No,13.02,4,3,4,1,1,1,1,1,46.207,5,3,5,0
1504,24,2,91710,Yes,190.807,1,3,4,2,2,0,0,0,26.843,2,5,4,0
1505,47,1,122351,No,94.128,3,2,7,1,2,0,1,0,10.175,3,3,5,0
1506,65,2,54196,No,188.823,4,1,4,3,1,0,0,0,52.949,5,4,5,0
1507,30,1,107646,Yes,23.765,2,3,3,1,2,0,0,0,17.354,1,5,2,0
1508,46,1,122931,Yes,112.264,1,2,9,3,2,0,0,1,7.106,2,2,5,0
1509,26,2,149692,Yes,110.449,5,3,5,1,1,0,0,1,46.095,5,2,1,0
1510,69,2,49875,Yes,148.096,5,2,9,3,1,1,1,1,44.354,3,3,2,0
1511,46,2,141448,No,69.321,1,2,8,3,1,0,0,1,11.034,2,2,1,0
1512,24,1,37896,Yes,92.713,5,3,2,1,1,0,0,1,15.758,3,4,5,0
1513,54,2,85775,Yes,110.774,5,3,6,1,1,0,0,0,25.264,2,5,1,0
1514,39,2,105672,Yes,107.999,1,1,9,1,1,0,0,1,28.046,5,5,4,1
1515,40,1,149875,Yes,116.279,3,2,8,3,1,1,1,0,36.272,3,4,3,0
1516,65,1,143137,No,178.083,2,1,8,3,2,0,1,1,56.572,5,5,1,0
1517,54,2,22033,No,54.582,4,3,7,2,1,0,0,0,0.503,4,4,4,0
1518,61,1,21255,Yes,185.289,3,1,7,3,1,1,1,1,56.905,3,2,5,0
1519,18,2,103045,No,103.193,5,3,1,3,1,0,0,0,58.98,3,1,1,0
1520,69,1,24091,No,141.98,5,2,5,2,2,0,1,1,7.047,1,3,2,0
1521,44,1,81973,No,42.977,1,3,4,2,2,1,0,0,21.468,5,4,3,0
1522,57,1,115715,No,61.008,2,3,1,2,1,0,1,1,4.719,2,1,5,0
1523,33,1,142639,Yes,12.72,2,3,8,1,2,0,0,0,10.677,3,2,1,0
1524,39,2,108463,No,144.568,5,2,9,2,1,0,0,1,21.104,3,4,2,0
1525,68,2,119506,Yes,144.19,4,2,7,1,1,0,1,1,59.427,2,4,3,0
1526,28,2,125658,No,62.549,1,3,4,2,2,0,0,1,57.623,3,5,2,0
1527,35,2,111925,Yes,101.109,4,1,3,2,2,1,1,0,55.485,5,3,1,0
1528,32,2,135133,No,43.027,2,1,2,1,1,1,1,0,38.869,5,2,5,0
1529,60,2,36751,No,59.543,5,2,5,3,2,0,0,1,57.512,3,1,4,0
1530,65,1,141511,Yes,28.529,3,2,2,2,1,0,0,1,0.982,2,1,4,0
1531,24,2,107139,Yes,89.836,4,3,8,3,2,0,1,0,49.975,1,2,5,0
1532,51,1,89971,Yes,55.49,4,3,5,1,2,0,0,1,43.345,3,4,3,0
1533,25,1,34376,Yes,184.261,3,1,1,3,2,0,0,1,57.541,4,1,1,0
1534,66,2,31297,No,94.271,2,3,3,3,2,0,1,1,54.047,2,5,2,0
1535,23,2,95587,Yes,94.851,5,1,9,2,2,1,1,1,15.61,5,5,1,1
1536,61,1,130832,Yes,91.86,5,2,8,1,1,0,0,1,41.665,4,2,5,0
1537,64,1,25500,Yes,198.489,1,1,8,2,2,1,0,0,52.721,5,1,1,0
1538,56,1,149720,Yes,51.889,2,3,9,2,2,0,1,0,1.773,2,4,1,0
1539,55,1,22297,Yes,114.703,1,1,7,1,2,0,0,0,44.805,2,1,4,0
1540,23,1,78962,Yes,168.338,2,2,1,3,2,1,1,0,3.381,2,1,1,0
1541,21,2,68501,Yes,46.856,5,1,3,3,1,1,0,0,27.606,4,5,1,1
1542,44,1,28582,Yes,63.813,1,3,7,1,1,1,1,0,26.035,2,4,4,0
1543,18,1,133720,No,47.875,5,2,1,1,2,0,1,0,12.308,1,3,3,0
1544,19,2,113705,Yes,53.323,3,1,6,2,1,1,0,0,21.157,5,3,1,0
1545,43,2,38899,Yes,111.438,1,1,3,2,1,1,1,1,41.818,4,1,1,0
1546,25,2,112619,Yes,148.568,1,1,6,1,1,0,0,0,28.369,4,4,5,0
1547,61,2,68472,Yes,118.42,3,3,5,3,2,0,0,0,9.929,5,3,3,0
1548,63,1,136199,Yes,174.77,4,3,6,1,2,0,0,1,26.337,3,5,4,0
1549,38,1,98194,Yes,60.086,5,1,4,1,1,0,1,1,11.733,1,4,3,1
1550,56,2,144894,Yes,32.107,2,1,9,2,2,0,1,1,9.96,5,5,4,0
1551,21,2,136315,No,61.363,5,1,6,3,2,0,1,0,26.147,5,5,4,0
1552,23,1,21547,Yes,110.04,1,3,5,2,1,0,1,0,41.893,5,2,3,0
1553,43,1,139813,Yes,132.176,4,3,3,3,1,1,1,0,3.69,2,2,2,1
1554,54,1,103833,No,186.192,2,3,4,2,2,1,0,0,32.041,3,5,1,0
1555,19,2,27363,Yes,93.464,2,2,7,2,2,0,0,0,44.318,1,4,3,0
1556,21,2,118917,No,39.327,3,1,6,2,1,0,1,1,30.865,3,5,5,0
1557,39,1,131429,Yes,72.403,2,1,7,3,2,0,1,0,44.384,3,2,4,0
1558,45,2,45842,No,14.006,4,1,7,3,2,1,1,1,7.844,1,3,4,0
1559,59,1,72005,No,92.783,4,1,2,3,2,0,1,0,0.163,3,2,2,0
1560,53,1,48397,Yes,121.942,3,3,8,3,2,0,0,1,5.116,4,2,2,0
1561,18,2,64494,Yes,142.664,2,2,9,1,2,0,1,1,53.197,4,3,1,0
1562,59,2,109679,Yes,56.676,1,3,8,3,2,1,1,1,14.633,2,3,3,0
1563,69,1,29690,No,31.601,2,1,1,1,1,1,0,0,54.427,4,4,2,0
1564,45,2,75974,Yes,160.896,4,3,2,3,1,0,1,1,47.945,5,1,5,1
1565,31,1,61048,Yes,154.221,3,1,3,3,2,0,0,1,50.025,5,5,2,0
1566,66,2,104867,Yes,96.428,5,3,3,1,2,1,0,1,44.855,4,4,2,0
1567,33,1,143546,No,147.879,4,3,5,3,2,0,1,0,11.939,5,1,4,0
1568,63,1,35533,No,161.782,2,2,2,1,1,0,1,1,49.372,4,2,3,0
1569,24,2,21776,Yes,121.351,2,1,8,3,1,0,0,0,38.472,2,1,5,0
1570,19,2,58718,Yes,134.939,3,2,9,3,2,1,0,0,1.981,5,4,1,0
1571,27,1,76018,No,110.784,3,2,2,3,1,0,1,0,31.204,2,2,1,0
1572,38,2,140359,Yes,84.157,2,1,5,1,2,0,0,0,40.714,3,4,2,0
1573,59,1,57770,Yes,12.191,3,3,2,1,2,1,1,0,49.207,1,3,4,0
1574,56,1,147065,No,100.383,1,2,5,1,2,0,0,0,13.525,5,2,4,0
1575,41,2,55059,No,114.731,3,2,6,1,1,0,0,0,31.842,3,5,1,0
1576,39,1,28573,No,59.217,5,1,8,2,1,1,0,1,13.366,4,3,4,0
1577,56,1,64383,No,64.556,2,1,6,3,2,1,0,0,59.12,1,1,5,0
1578,57,1,34584,Yes,127.333,4,1,5,1,2,1,0,1,25.126,1,1,5,0
1579,43,2,122235,No,39.177,3,3,1,1,1,0,1,0,52.85,1,1,2,0
1580,66,2,85042,No,75.853,4,2,7,3,1,0,1,1,7.942,2,5,2,0
1581,28,1,111852,Yes,28.638,5,1,3,3,2,0,0,1,50.348,5,3,5,0
1582,32,2,143434,Yes,182.887,2,1,8,3,2,0,0,0,34.952,4,4,5,0
1583,21,2,143366,Yes,170.926,2,3,3,1,2,0,1,1,33.857,3,2,1,0
1584,32,2,102527,Yes,119.007,5,2,3,3,2,0,0,0,46.833,3,3,5,0
1585,42,2,95678,Yes,85.519,1,1,9,1,1,1,0,0,55.406,3,4,1,0
1586,56,2,87771,No,30.501,2,2,2,3,2,0,0,0,20.629,1,2,5,0
1587,26,1,128626,Yes,123.215,5,2,9,3,2,1,0,1,30.458,2,3,2,0
1588,67,2,146922,Yes,102.269,3,1,6,3,1,1,0,0,22.528,2,1,5,0
1589,65,2,141793,No,127.452,5,1,5,3,2,0,0,0,43.108,3,4,4,0
1590,28,2,39440,Yes,46.015,5,1,1,1,1,1,1,1,2.987,3,5,4,1
1591,64,2,99384,No,131.301,4,1,4,2,2,0,0,0,47.7,5,3,1,0
1592,42,1,107593,Yes,60.444,5,2,7,2,1,1,1,1,35.865,2,4,2,0
1593,32,1,24011,No,76.105,5,3,6,2,1,0,1,1,40.399,2,5,2,0
1594,50,2,44428,No,187.646,2,2,4,2,2,0,1,1,3.683,1,2,5,0
1595,45,2,96495,No,29.206,2,2,5,2,1,1,0,0,10.203,5,5,3,0
1596,33,1,116304,No,156.672,2,2,9,1,1,0,0,0,17.837,3,5,1,0
1597,28,1,109177,No,134.78,5,3,2,1,1,0,1,0,8.111,4,3,1,0
1598,56,1,135985,Yes,144.711,1,2,6,2,2,0,0,1,56.403,1,1,5,0
1599,26,1,147643,Yes,101.67,2,2,5,1,1,1,0,1,10.465,5,4,4,1
1600,59,2,24248,Yes,190.343,4,2,5,3,1,0,1,0,30.153,4,2,1,0
1601,65,2,55794,No,45.287,2,2,8,2,2,0,1,1,4.017,1,5,5,0
1602,66,1,146812,No,151.412,1,2,1,3,2,0,1,0,41.804,1,1,3,0
1603,59,1,69161,Yes,184.454,5,3,8,1,1,1,0,0,19.734,2,2,1,0
1604,26,2,55076,Yes,14.039,3,2,7,1,1,0,0,1,49.705,4,4,2,0
1605,67,1,126601,No,130.332,2,1,6,3,1,0,0,0,5.92,1,2,4,0
1606,61,2,86904,Yes,149.798,3,2,4,2,1,0,0,0,3.718,4,2,5,0
1607,32,1,36001,No,115.048,4,3,2,3,1,1,1,0,35.669,1,1,2,0
1608,35,2,105274,No,191.373,4,1,1,2,2,0,1,1,38.487,2,2,4,0
1609,65,2,115678,No,106.234,1,2,6,1,2,0,1,1,37.82,2,2,2,0
1610,68,1,112192,Yes,62.3,5,2,8,2,1,1,1,1,41.82,5,5,5,1
1611,52,1,53917,Yes,83.865,2,1,3,2,1,0,1,1,53.472,2,5,2,0
1612,32,1,121906,Yes,30.258,3,3,4,3,1,0,0,0,55.785,4,5,3,0
1613,44,2,110830,No,118.283,5,1,6,1,2,0,1,1,51.693,5,3,3,0
1614,41,2,124737,No,198.971,5,2,9,2,1,0,1,0,16.79,3,5,1,0
1615,31,2,80273,Yes,93.383,5,3,5,1,2,0,0,1,29.579,1,4,2,0
1616,21,2,132549,No,50.729,2,3,1,1,1,0,1,1,47.694,1,2,3,0
1617,47,2,74443,Yes,185.552,3,1,4,2,1,0,0,0,44.573,1,3,5,0
1618,34,2,94230,No,24.33,2,2,7,1,2,1,0,0,11.165,3,1,1,0
1619,19,2,126012,Yes,105.375,4,1,1,3,2,0,0,0,37.703,4,3,2,0
1620,57,2,99346,Yes,70.348,1,1,3,1,1,0,1,1,14.211,4,2,2,1
1621,45,2,23533,Yes,144.2,4,2,9,3,1,0,1,0,7.796,5,2,4,0
1622,38,1,64091,Yes,57.577,4,2,2,3,2,1,1,1,27.334,2,3,1,1
1623,39,1,126059,Yes,20.135,2,1,8,1,2,0,1,0,40.72,5,3,5,0
1624,63,2,111672,Yes,43.907,3,2,1,3,1,0,1,1,30.887,2,5,4,1
1625,69,1,141562,No,108.038,4,3,3,3,1,0,1,1,42.38,1,1,1,0
1626,34,1,119511,Yes,143.385,1,2,4,1,2,1,0,0,17.146,1,3,2,0
1627,32,1,103209,Yes,103.995,4,1,1,3,2,0,1,0,5.156,5,3,3,0
1628,65,1,49626,No,168.226,5,1,2,2,1,0,1,0,56.218,3,5,4,0
1629,40,1,111611,Yes,156.609,5,1,6,3,1,0,1,1,31.103,1,4,3,0
1630,58,2,142324,No,125.219,3,3,7,3,1,0,1,0,57.121,3,5,2,0
1631,25,2,119378,No,179.045,2,1,5,1,2,0,1,1,4.889,4,4,2,0
1632,34,1,20381,Yes,12.837,2,1,1,3,1,1,1,1,10.87,3,1,2,0
1633,62,1,82426,Yes,103.167,3,1,7,1,2,0,0,0,28.699,2,4,4,0
1634,51,1,53853,No,74.39,5,1,9,3,1,0,1,0,54.381,5,4,1,0
1635,39,1,148048,Yes,96.938,3,2,7,3,1,0,0,1,31.768,5,4,3,0
1636,20,1,48167,No,85.479,5,1,3,3,2,0,1,0,39.085,1,2,1,0
1637,58,2,108236,Yes,166.768,3,1,2,2,2,0,0,0,48.008,3,3,3,0
1638,52,1,84329,Yes,108.941,5,3,5,1,2,0,0,0,41.909,3,1,1,0
1639,67,1,78267,Yes,190.468,5,3,6,1,1,1,0,0,45.464,3,1,1,0
1640,52,1,109256,Yes,175.546,2,1,2,1,2,0,0,0,32.424,5,2,4,0
1641,44,1,136833,No,98.608,2,2,2,1,1,0,1,0,16.269,5,2,5,0
1642,41,1,101756,No,99.864,4,2,7,3,1,1,0,0,52.301,4,1,2,0
1643,21,1,93295,No,198.813,4,2,3,1,2,1,1,0,26.423,1,5,2,0
1644,33,2,137035,Yes,117.613,5,3,9,2,1,1,1,0,38.587,1,4,5,0
1645,42,2,60411,Yes,149.907,3,1,1,2,1,0,0,0,6.656,3,2,1,0
1646,37,2,54251,Yes,143.683,2,1,7,1,1,0,0,0,33.967,1,5,5,0
1647,40,1,97473,Yes,78.567,2,1,3,3,1,1,1,1,54.93,4,5,2,1
1648,60,1,115060,No,134.558,4,2,4,3,2,1,1,0,37.81,2,5,5,0
1649,59,2,95332,No,150.184,1,3,9,3,1,1,1,0,15.222,5,4,3,1
1650,68,2,62522,No,67.72,5,1,2,3,2,0,0,1,57.092,2,1,1,0
1651,18,1,127069,Yes,90.899,2,3,7,2,1,0,1,0,34.946,2,2,3,0
1652,20,2,112421,Yes,94.609,5,3,1,3,2,0,0,1,12.876,3,5,4,1
1653,29,2,40070,Yes,116.04,5,3,1,2,1,0,0,0,58.675,1,5,5,0
1654,57,2,139738,No,137.833,3,2,5,3,2,0,0,1,22.122,3,3,2,0
1655,47,2,40978,No,64.057,5,2,8,3,1,0,1,0,13.68,1,3,2,0
1656,20,1,113518,No,186.923,1,2,3,2,2,0,0,0,19.37,5,2,4,0
1657,56,2,146889,No,163.033,1,2,8,3,2,1,0,1,5.276,1,3,2,0
1658,52,2,119741,No,106.786,2,2,9,3,2,0,0,1,27.603,3,2,5,0
1659,49,2,71896,No,149.853,1,3,2,1,1,0,0,1,10.208,2,5,2,0
1660,50,1,22310,Yes,57.076,2,2,4,2,1,0,0,0,36.675,4,3,1,0
1661,50,1,106183,Yes,156.573,2,3,3,2,1,0,1,0,51.753,4,2,2,0
1662,21,2,85528,Yes,28.681,5,3,7,1,1,0,0,0,9.686,2,1,1,0
1663,23,1,141865,No,51.773,4,3,8,2,1,1,0,1,38.695,4,2,3,0
1664,31,1,146678,No,68.243,5,1,7,3,1,1,1,1,12.017,2,2,1,0
1665,23,2,130911,Yes,29.362,2,1,6,1,2,0,1,0,18.841,2,3,1,0
1666,38,2,91480,No,146.178,2,1,8,3,2,0,1,0,35.866,4,3,1,0
1667,45,2,47391,No,77.635,1,1,6,3,1,0,0,1,27.365,5,3,4,0
1668,64,1,85559,Yes,92.162,4,2,1,2,1,0,0,0,26.773,3,3,1,0
1669,29,2,53499,No,62.215,3,3,7,1,2,0,1,1,6.689,4,1,3,0
1670,50,1,119160,Yes,49.692,2,1,1,1,2,0,1,0,50.661,4,1,1,0
1671,32,2,62341,No,168.192,4,1,2,2,2,0,0,0,16.651,2,4,1,0
1672,49,1,25599,Yes,74.369,2,2,1,1,2,0,0,0,57.74,2,2,5,0
1673,49,1,47125,No,84.109,1,2,9,3,2,1,0,1,46.832,2,1,4,0
1674,57,1,75696,Yes,14.466,1,2,9,3,1,1,0,1,15.381,3,3,5,0
1675,49,2,58354,Yes,75.914,5,2,7,2,1,0,1,0,27.241,2,4,5,0
1676,68,2,122483,Yes,67.39,5,3,6,1,1,1,0,0,17.196,2,4,3,0
1677,37,1,91366,Yes,69.895,3,3,8,2,2,0,0,1,14.898,2,4,1,0
1678,40,2,119707,Yes,29.751,2,1,3,2,2,0,1,1,37.059,5,2,1,0
1679,23,1,141766,Yes,112.396,2,3,1,3,2,0,0,1,27.988,4,3,2,0
1680,53,1,100270,No,164.052,5,3,8,1,2,1,1,0,24.502,2,5,1,0
1681,40,2,138883,No,133.46,1,2,1,1,1,1,0,1,18.424,5,1,1,0
1682,53,1,139385,Yes,66.525,5,2,8,3,2,0,0,1,22.805,2,4,3,0
1683,54,2,89908,No,174.678,5,2,4,2,1,0,0,0,59,5,2,4,0
1684,18,2,127039,No,49.665,3,1,5,3,1,0,0,0,41.564,1,1,4,0
1685,63,1,99163,No,58.92,2,1,3,2,1,1,0,1,1.547,3,5,2,0
1686,39,2,73692,Yes,32.152,3,1,8,2,2,0,0,0,30.946,2,2,2,0
1687,33,2,89413,Yes,120.159,2,2,8,3,2,1,0,1,20.004,5,5,1,1
1688,45,1,49734,No,128.022,1,3,7,2,2,0,1,0,0.739,5,3,4,0
1689,29,1,37774,No,23.487,4,2,9,3,1,0,0,1,28.397,5,1,3,0
1690,23,2,115111,Yes,138.886,5,2,8,1,1,0,0,0,42.102,1,5,3,0
1691,48,1,114505,No,125.173,2,2,1,2,2,0,0,1,40.755,3,1,1,0
1692,56,2,138573,Yes,180.16,1,2,8,3,2,0,0,0,9.304,4,5,2,0
1693,34,2,122001,Yes,41.634,4,2,7,2,1,0,1,0,16.538,5,3,5,0
1694,65,1,115473,Yes,118.824,5,1,4,2,2,0,0,1,15.987,2,3,5,0
1695,46,2,84003,No,77.799,4,3,8,3,2,0,0,0,34.541,4,5,1,0
1696,31,1,126324,No,139.334,3,1,2,3,1,0,1,0,1.239,1,2,4,0
1697,47,1,114632,No,126.494,1,1,9,3,1,0,1,1,38.393,2,4,1,0
1698,19,1,69552,Yes,13.213,5,1,5,2,1,0,1,1,9.845,1,5,2,0
1699,28,1,40982,Yes,38.925,3,3,2,3,1,0,1,1,38.821,3,3,3,0
1700,54,2,48017,No,54.83,5,3,6,3,2,1,1,1,26.19,5,1,4,0
1701,43,2,22176,Yes,118.42,4,1,1,3,1,0,1,1,13.986,3,5,3,1
1702,40,1,45033,No,171.521,1,2,7,3,1,0,0,0,17.706,5,1,5,0
1703,56,2,69702,Yes,135.488,4,2,9,3,1,0,0,0,37.395,3,3,3,0
1704,44,2,60824,Yes,143.341,5,3,4,3,2,0,1,1,43.955,1,1,5,0
1705,54,2,68477,No,70.301,1,3,8,2,2,0,1,0,52.605,2,4,3,0
1706,56,2,142876,No,136.376,5,1,8,2,1,0,1,0,57.318,4,1,3,0
1707,61,2,22836,Yes,115.773,2,2,1,3,2,1,1,0,8.59,5,3,2,0
1708,59,2,36190,Yes,182.912,2,2,7,2,1,0,1,0,42.54,3,5,1,0
1709,22,2,106195,Yes,85.915,5,1,5,3,2,0,1,0,55.881,4,3,1,0
1710,31,1,123053,No,114.489,3,2,6,2,2,1,0,0,25.548,3,4,3,0
1711,33,2,109280,No,144.877,4,1,4,2,1,0,1,0,57.027,3,4,4,0
1712,41,1,21188,Yes,40.3,2,3,5,1,1,0,0,1,26.712,4,1,5,0
1713,50,2,87269,No,79.272,3,3,2,2,2,0,1,0,22.211,3,5,5,0
1714,36,2,139577,Yes,169.238,1,2,7,3,2,1,0,0,57.053,3,1,2,0
1715,31,1,112242,No,197.724,3,3,9,1,1,1,0,0,7.582,3,3,5,0
1716,62,1,137593,Yes,89.736,4,2,9,1,1,0,0,0,27.921,3,3,4,0
1717,47,2,141099,No,136.175,1,1,7,3,2,0,0,1,54.479,5,3,2,0
1718,24,1,99995,Yes,123.432,3,1,3,2,2,0,1,0,0.488,5,2,5,0
1719,37,1,56921,No,32.636,4,3,1,2,2,0,1,0,6.829,4,3,3,0
1720,18,2,126043,Yes,140.738,3,2,5,2,2,1,0,0,57.375,4,3,1,0
1721,52,2,132477,No,20.919,4,1,4,1,1,0,0,1,35.182,2,4,1,0
1722,48,1,29230,No,197.45,2,1,1,3,2,0,0,1,31.545,3,3,5,0
1723,51,2,47925,No,140.519,4,3,4,1,2,0,0,0,12.809,1,1,3,0
1724,45,2,125667,No,102.777,1,1,4,1,2,0,1,1,10.05,4,3,2,0
1725,29,1,136154,No,88.833,2,2,9,1,2,0,1,1,8.368,1,1,3,0
1726,65,2,110089,Yes,191.321,4,3,2,3,1,0,0,0,38.371,3,3,3,0
1727,32,2,97066,No,110.45,3,3,6,1,1,0,0,1,36.274,4,2,2,0
1728,31,1,86265,Yes,163.044,4,2,1,1,2,1,0,0,5.538,1,1,4,0
1729,34,1,23261,No,85.067,2,3,2,2,2,1,0,0,54.613,2,2,1,0
1730,56,1,27157,No,145.025,4,2,2,3,1,0,0,0,32.842,3,4,1,0
1731,63,1,114530,Yes,29.11,3,1,5,3,2,0,1,1,29.852,5,4,4,1
1732,61,1,133659,No,188.63,3,2,9,2,1,0,0,0,55.356,4,1,4,0
1733,23,2,132550,No,13.004,4,2,2,3,1,0,0,0,15.891,3,1,4,0
1734,24,1,127635,Yes,107.488,4,1,5,2,1,0,0,0,56.333,4,3,5,0
1735,40,2,135702,Yes,88.653,1,1,9,2,2,0,0,1,2.436,5,1,3,0
1736,35,2,45527,No,144.368,5,3,4,3,2,0,1,1,47.385,5,4,5,0
1737,19,1,119996,No,94.301,1,3,3,2,1,0,0,0,9.228,2,4,5,0
1738,56,2,115592,No,44.938,1,2,1,3,1,0,1,0,20.946,5,1,4,0
1739,30,2,25592,Yes,13.012,4,1,9,2,2,0,1,1,6.511,5,1,2,0
1740,60,1,81757,Yes,153.964,2,3,3,3,1,0,0,1,11.645,1,4,2,1
1741,54,1,25409,Yes,179.227,3,1,4,3,1,1,0,1,53.078,1,3,2,0
1742,65,2,142871,No,184.751,1,2,6,3,1,0,1,0,20.737,5,1,3,0
1743,28,1,102872,No,61.161,4,1,7,1,2,1,0,1,33.024,2,3,2,0
1744,47,2,110978,Yes,103.23,5,3,9,1,1,0,1,1,40.223,5,5,2,0
1745,57,2,52402,Yes,170.521,4,3,2,3,1,0,1,0,0.79,4,5,1,1
1746,18,1,28621,Yes,133.334,4,3,8,3,1,0,1,0,44.587,1,4,3,0
1747,19,1,103067,Yes,127.261,5,2,9,1,1,1,1,0,13.443,2,4,2,0
1748,47,1,42046,No,10.373,4,3,2,3,1,0,0,0,12.824,5,4,5,0
1749,66,1,142256,Yes,108.122,2,3,6,3,1,0,1,0,21.88,4,1,1,0
1750,30,1,78221,Yes,55.219,4,1,6,2,1,1,1,1,31.943,1,5,5,1
1751,32,1,111015,Yes,142.396,4,1,9,1,1,0,0,0,15.012,5,2,2,0
1752,50,1,146080,No,12.88,3,3,7,2,1,0,1,0,30.706,5,1,2,0
1753,22,1,69116,No,141.498,3,3,6,3,1,1,0,1,45.31,3,3,4,0
1754,50,1,38986,Yes,55.963,4,3,4,3,2,0,0,1,20.469,4,1,1,0
1755,54,2,113052,Yes,166.265,4,3,7,1,2,1,1,0,56.057,1,5,1,0
1756,58,2,20670,Yes,106.541,1,3,7,1,1,0,0,0,46.864,1,4,4,0
1757,35,2,133640,Yes,48.885,4,3,5,3,2,0,0,0,23.408,1,1,4,0
1758,28,2,67481,No,152.104,3,1,8,2,1,0,0,0,42.291,3,4,1,0
1759,22,1,121659,Yes,187.369,1,1,8,2,1,0,1,1,13.843,4,3,5,1
1760,47,1,63788,Yes,34.303,4,2,8,1,2,0,0,1,44.759,3,2,5,0
1761,36,1,109821,No,148.744,3,2,2,1,2,0,1,0,19.533,2,5,3,0
1762,50,2,23878,No,145.111,2,3,3,2,1,0,0,0,32.508,1,2,5,0
1763,42,1,107561,No,53.463,1,2,1,2,1,0,1,0,21.402,1,5,5,0
1764,19,1,116077,Yes,144.573,2,3,7,1,2,0,0,0,43.719,1,5,1,0
1765,44,2,37635,Yes,66.755,1,2,3,1,2,0,1,0,53.432,5,5,5,0
1766,49,1,22520,No,77.56,3,3,7,2,2,0,0,1,41.381,5,4,3,0
1767,51,1,29246,Yes,84.175,5,2,2,2,1,0,0,0,42.701,2,3,1,0
1768,23,2,69740,Yes,51.828,4,3,4,2,2,1,1,0,18.704,3,5,1,0
1769,37,1,148982,Yes,55.041,2,3,7,2,1,0,0,1,26.318,5,5,3,0
1770,48,2,73847,Yes,81.06,5,3,8,3,2,0,0,0,34.218,3,1,2,0
1771,63,1,98520,No,188.666,5,3,5,3,2,0,0,0,40.096,4,2,2,0
1772,51,2,91956,Yes,162.382,4,2,6,1,2,0,0,1,6.09,2,4,4,0
1773,63,1,98946,No,49.045,4,2,5,2,1,0,1,1,1.876,2,2,1,0
1774,53,1,81795,No,113.56,1,1,3,3,1,0,1,1,48.548,2,3,1,0
1775,52,1,125636,No,70.989,1,2,2,1,2,1,0,1,22.314,4,5,4,1
1776,45,2,149856,No,44.52,4,2,2,1,1,1,0,0,33.254,5,4,3,0
1777,41,2,101741,No,59.043,2,2,3,1,1,0,0,1,14.549,3,3,4,0
1778,57,1,89008,Yes,90.062,5,3,6,3,2,0,0,0,42.597,4,2,3,0
1779,68,1,104486,Yes,86.701,2,1,2,2,1,0,1,0,48.015,2,3,3,0
1780,36,2,143662,No,56.839,2,2,4,2,2,0,0,0,37.154,4,3,4,0
1781,48,2,87299,Yes,36.017,5,1,9,1,1,1,1,0,49.894,1,5,3,0
1782,28,2,88464,No,105.253,3,2,8,3,1,0,0,0,49.614,3,2,1,0
1783,42,1,112376,No,99.474,3,2,9,3,2,0,1,1,47.66,5,3,5,0
1784,21,1,113566,No,113.237,5,1,1,1,1,1,0,1,50.713,3,5,4,0
1785,52,1,141295,No,160.998,3,3,3,2,2,0,0,0,38.115,1,5,5,0
1786,44,2,41586,Yes,114.973,2,1,8,2,2,0,0,0,13.552,4,3,4,0
1787,32,2,49158,No,182.217,3,1,8,2,2,0,0,0,43.07,5,1,1,0
1788,56,2,63004,No,177.268,3,3,9,2,1,1,0,0,2.462,1,4,5,0
1789,28,2,103574,No,127.645,1,2,6,3,1,1,0,0,54.324,5,1,4,0
1790,46,1,116176,Yes,81.462,5,2,5,1,1,0,1,0,45.998,5,5,5,0
1791,47,2,51250,Yes,199.797,2,3,6,2,2,0,0,1,58.681,3,3,2,0
1792,21,1,79413,Yes,63.7,4,2,6,1,1,0,1,0,51.117,3,1,2,0
1793,49,2,136794,No,13.017,3,2,8,1,2,0,1,0,44.644,3,2,2,0
1794,44,1,84953,Yes,28.565,5,3,3,3,2,0,1,0,49.826,5,5,2,0
1795,38,1,74170,No,107.567,5,2,1,1,1,1,0,0,23.171,4,2,3,0
1796,39,1,134109,No,142.408,4,2,6,1,1,1,0,0,38.936,3,1,1,0
1797,58,2,80882,Yes,36.114,4,1,8,2,2,0,1,1,19.394,4,2,3,0
1798,60,2,112071,No,160.772,1,2,6,1,2,0,0,1,3.106,5,5,3,0
1799,18,1,51238,No,104.069,1,1,8,3,1,1,0,0,13.341,5,3,4,0
1800,55,2,122185,Yes,136.094,4,1,9,1,1,0,0,0,39.97,3,5,5,0
1801,23,1,55478,Yes,84.903,2,3,5,1,1,0,1,1,53.105,5,3,3,0
1802,59,2,30817,Yes,122.37,4,2,6,1,1,0,1,0,56.793,2,1,2,0
1803,19,1,94387,No,83.306,4,1,7,3,2,0,0,0,30.654,5,1,4,0
1804,30,2,90857,Yes,137.352,4,3,2,1,1,0,1,0,3.962,5,3,2,0
1805,69,2,59848,No,35.335,2,2,1,2,2,1,0,1,27.199,3,5,5,0
1806,55,2,22813,Yes,43.527,3,2,3,3,1,0,0,1,22.373,2,2,2,0
1807,64,2,28420,No,100.575,4,3,1,3,1,1,0,1,15.326,4,4,1,1
1808,47,2,118882,Yes,51.183,3,3,9,2,1,0,0,1,54.202,5,5,2,0
1809,39,2,76116,Yes,77.642,1,3,8,3,2,0,0,1,21.96,1,2,1,0
1810,55,1,55986,Yes,147.813,4,2,2,2,1,0,0,1,49.655,2,4,1,0
1811,39,1,115484,Yes,152.013,4,3,3,1,1,1,0,1,48.531,3,5,3,0
1812,69,2,92995,Yes,90.195,4,3,6,3,2,1,0,0,8.148,4,5,1,0
1813,40,2,53058,Yes,193.756,4,1,9,1,2,0,0,0,59.206,4,2,3,0
1814,32,1,100305,No,40.897,3,2,9,3,2,1,1,1,28.615,4,1,1,0
1815,37,1,49578,Yes,147.362,2,2,7,2,2,1,0,0,42.334,1,4,5,0
1816,66,1,120990,Yes,72.865,1,2,1,3,1,1,1,1,50.199,3,5,1,1
1817,26,1,141009,Yes,159.331,2,2,8,3,1,1,1,1,28.17,4,1,2,1
1818,32,2,48420,No,11.613,3,2,7,3,2,1,0,1,32.203,4,2,4,0
1819,42,1,101836,Yes,107.224,4,1,5,2,2,0,1,1,28.699,3,1,2,0
1820,52,2,82450,No,100.055,3,2,8,1,1,1,0,1,48.438,5,1,4,0
1821,26,2,113498,Yes,135.314,3,1,8,2,1,0,0,0,29.115,5,3,3,0
1822,18,1,40912,No,118.158,5,2,1,3,2,0,0,0,26.284,1,4,3,0
1823,50,1,132098,Yes,169.682,1,1,3,2,1,1,0,1,37.287,5,4,3,1
1824,45,2,25596,Yes,75.42,4,3,2,2,2,0,0,1,6.702,3,5,1,0
1825,61,2,117267,No,161.361,4,2,1,1,2,0,0,1,57.602,2,1,2,0
1826,69,2,49393,Yes,122.491,3,2,1,2,2,0,0,0,18.543,2,2,2,0
1827,21,2,92875,No,45.005,2,2,6,1,2,1,1,1,18.715,4,4,4,0
1828,54,1,121186,Yes,136.11,2,1,1,1,2,0,1,0,42.818,5,3,1,0
1829,25,2,115020,Yes,122.799,3,3,3,3,1,0,1,1,47.218,5,4,5,1
1830,47,2,84915,Yes,82.627,3,1,4,1,2,1,0,0,36.544,4,1,2,0
1831,24,2,132486,No,197.288,5,2,3,1,1,0,0,1,56.046,5,1,4,0
1832,54,2,21979,No,93.684,4,2,8,2,1,0,0,0,6.627,2,1,5,0
1833,66,1,125916,No,195.495,1,2,1,2,1,1,0,0,10.185,4,5,5,1
1834,64,1,121923,Yes,31.52,5,3,5,1,1,1,1,0,49.362,1,4,5,0
1835,52,2,106697,Yes,68.507,4,2,9,3,1,0,0,0,53.399,5,2,1,0
1836,22,2,129590,Yes,137.441,1,3,8,1,1,1,0,1,36.671,4,5,4,1
1837,30,1,135575,Yes,136.372,4,1,3,1,2,0,0,1,13.641,4,4,4,1
1838,18,1,141316,No,118.051,2,3,5,3,2,0,0,0,50.023,2,1,3,0
1839,39,2,41861,No,46.727,5,3,5,1,2,1,1,0,48.81,5,3,2,0
1840,33,2,22926,No,157.808,1,2,2,2,2,0,0,0,45.931,3,2,5,0
1841,34,2,133211,No,136.02,5,2,9,1,1,0,0,1,53.431,2,5,2,0
1842,35,1,70018,No,54.416,2,2,9,2,2,1,0,1,55.552,5,5,2,0
1843,66,1,86806,Yes,172.819,3,3,6,2,1,0,0,0,43.307,4,1,5,0
1844,59,2,77267,No,124.061,3,1,6,2,1,0,0,1,4.565,5,4,5,0
1845,54,2,123993,No,175.454,3,3,6,1,2,1,0,1,36.03,5,5,1,0
1846,39,2,43817,Yes,189.624,5,2,2,1,1,0,1,0,38.276,2,3,1,0
1847,64,1,54825,Yes,35.454,1,3,7,2,2,0,0,1,38.026,5,3,1,0
1848,34,1,85083,No,103.422,3,2,4,2,2,0,1,0,16.607,5,1,4,0
1849,63,2,45027,No,130.034,4,3,9,3,2,0,1,0,44.653,4,3,3,0
1850,54,2,60570,Yes,75.593,2,2,4,2,2,0,0,1,43.528,4,2,1,0
1851,30,1,25599,Yes,173.442,3,2,9,3,1,1,0,0,43.617,3,1,2,0
1852,33,2,38473,Yes,80.653,3,3,4,1,2,0,0,0,11.99,3,5,5,0
1853,27,2,131036,Yes,54.315,1,3,8,3,2,0,1,1,5.834,3,3,2,0
1854,27,2,133891,No,191.6,5,2,3,3,2,0,1,1,3.016,1,1,2,0
1855,49,1,109746,Yes,186.977,5,2,8,2,2,0,0,1,21.702,1,5,3,0
1856,52,2,136450,Yes,198.281,4,1,1,3,2,0,1,1,33.244,2,4,3,0
1857,44,1,138993,Yes,82.564,3,2,6,2,1,0,1,0,8.534,1,5,5,0
1858,58,1,123271,No,92.414,2,3,2,2,1,0,0,1,10.869,2,1,5,0
1859,47,2,87242,No,144.659,2,3,7,1,1,0,1,0,52.145,2,2,3,0
1860,22,2,45774,No,132.558,3,3,2,3,1,1,0,0,1.738,1,1,5,0
1861,42,2,141000,No,76.881,1,3,2,3,2,1,1,1,11.486,5,2,2,1
1862,49,1,147234,Yes,73.628,2,1,7,2,1,1,1,0,13.273,1,2,4,0
1863,56,1,138160,Yes,12.404,3,2,6,3,1,0,0,1,18.781,2,3,4,0
1864,29,2,126886,No,131.666,1,3,9,3,1,0,0,1,45.498,5,4,4,0
1865,39,1,142877,Yes,70.037,3,1,8,3,2,0,0,0,8.204,2,5,4,0
1866,47,1,92159,No,70.365,3,2,1,2,2,0,0,1,31.226,5,1,4,0
1867,65,2,72466,Yes,61.327,3,3,6,2,2,1,0,0,4.104,2,4,4,0
1868,33,2,84596,No,175.462,1,3,4,2,2,0,1,1,58.438,5,4,2,0
1869,44,2,106597,Yes,150.427,2,1,7,1,2,1,0,1,35.369,2,1,4,0
1870,36,1,25929,No,176.72,5,2,5,2,1,0,1,0,27.714,2,3,4,0
1871,24,1,68450,No,13.902,4,1,3,1,2,1,0,0,24.243,4,4,2,0
1872,56,2,60299,Yes,77.522,5,2,1,3,1,0,1,1,19.834,2,1,5,1
1873,18,1,67145,No,72.428,1,3,3,1,2,1,0,0,22.763,4,1,2,0
1874,34,1,62133,Yes,52.817,5,3,6,3,2,1,0,1,53.541,2,4,5,0
1875,66,1,73283,No,100.739,4,2,7,3,2,0,1,0,26.815,1,1,5,0
1876,53,2,143280,No,75.878,4,1,8,2,1,0,0,1,55.314,4,3,1,0
1877,60,2,146855,No,81.834,5,3,9,1,2,0,1,0,7.524,5,3,3,0
1878,55,2,20894,No,31.715,5,3,2,1,2,0,0,0,33.466,3,3,1,0
1879,53,2,28754,Yes,167.782,2,3,5,3,1,0,1,1,43.573,1,4,5,0
1880,23,2,25059,No,67.261,4,2,8,3,2,0,0,0,18.165,4,3,5,0
1881,48,2,82819,No,185.698,3,1,4,3,2,1,0,1,44.671,4,2,2,0
1882,21,2,93082,No,56.797,4,3,6,3,2,0,0,1,38.837,1,5,1,0
1883,59,1,123736,No,69.284,3,2,4,2,1,1,0,1,21.932,4,3,3,0
1884,66,1,112736,No,171.294,5,3,4,3,2,1,0,0,49.167,4,3,4,0
1885,62,2,115951,No,180.135,2,3,4,2,1,0,0,1,29.722,3,2,4,0
1886,29,2,40842,Yes,175.032,1,3,2,3,1,0,0,1,49.43,4,3,4,0
1887,65,1,21013,No,33.053,3,3,1,1,1,0,1,1,25.649,4,3,2,0
1888,34,2,144003,Yes,65.162,2,3,9,2,2,1,1,0,38.483,1,4,2,0
1889,46,2,98046,No,127.614,2,3,4,1,1,1,0,1,19.844,3,4,3,0
1890,59,2,136675,Yes,114.089,3,2,4,2,2,1,0,0,1.428,4,3,3,0
1891,62,1,38724,No,96.586,1,1,9,1,1,0,0,1,48.055,1,1,2,0
1892,57,1,57260,No,97.491,4,2,6,1,1,0,1,0,38.779,4,4,3,0
1893,19,1,122235,No,143.004,4,1,4,3,1,0,0,0,53.565,4,2,2,0
1894,23,2,69893,No,89.303,5,2,8,3,2,1,0,0,5.994,1,3,3,0
1895,58,2,72090,Yes,162.97,3,1,8,3,1,0,0,0,49.348,4,2,1,0
1896,39,1,20722,No,86.203,5,1,4,1,2,1,0,1,4.32,2,4,1,0
1897,64,1,99100,No,23.114,3,2,3,3,1,0,0,0,54.434,5,5,1,0
1898,49,1,100306,Yes,162.585,4,3,7,3,2,0,0,1,6.507,5,3,1,0
1899,68,1,38986,No,71.681,2,1,4,1,1,0,1,1,26.095,3,3,5,0
1900,38,1,57631,Yes,153.208,4,1,9,2,1,0,1,0,39.008,1,4,1,0
1901,22,2,98764,Yes,186.837,4,2,8,3,1,0,0,0,46.666,3,4,2,0
1902,21,2,131794,Yes,161.091,3,2,6,3,2,1,1,0,51.708,5,3,4,0
1903,37,2,93951,Yes,195.875,5,2,7,2,1,0,0,1,47.959,2,3,4,0
1904,44,1,67956,Yes,153.771,4,1,4,3,1,1,0,0,57.917,1,5,4,1
1905,56,1,149324,No,27.622,4,1,5,3,1,0,1,0,48.467,1,1,5,0
1906,47,1,42277,No,46.081,5,2,4,3,2,0,1,0,32.8,5,2,4,0
1907,38,2,122086,No,69.171,1,3,4,1,2,0,0,0,36.904,2,3,5,0
1908,22,2,139612,Yes,166.923,5,2,5,1,1,0,0,0,20.67,5,4,5,0
1909,23,2,92944,No,28.242,2,1,9,1,2,0,0,0,14.728,3,3,3,0
1910,57,2,103508,No,38.799,2,1,3,3,1,1,0,0,10.62,3,1,1,0
1911,41,2,144748,Yes,131.155,5,3,6,3,1,0,0,1,45.055,1,5,3,0
1912,56,2,27906,No,164.563,5,1,1,1,1,0,0,0,32.825,4,4,3,0
1913,27,2,44687,Yes,36.065,3,2,3,3,1,1,0,1,15.969,5,5,1,1
1914,61,1,115593,Yes,149.272,2,3,4,3,2,1,1,1,29.077,1,3,4,1
1915,18,2,120080,Yes,123.766,5,3,6,2,1,0,1,0,50.313,1,5,4,0
1916,52,1,22243,No,190.913,4,3,3,1,1,1,0,1,37.069,2,5,3,0
1917,39,2,53426,No,133.378,4,3,5,1,2,1,0,1,37.731,3,4,3,0
1918,19,2,39874,No,126.902,3,2,2,3,2,0,0,1,21.035,4,4,1,0
1919,50,1,28327,No,192.019,3,3,2,1,2,0,0,0,35.601,2,5,3,0
1920,68,2,144274,No,154.68,5,3,8,1,2,0,0,0,13.362,5,5,1,0
1921,20,2,137082,Yes,113.727,2,2,7,3,1,0,1,0,56.055,3,3,4,0
1922,50,2,98241,Yes,109.81,1,2,7,3,1,0,1,1,46.918,2,4,4,1
1923,48,2,139833,No,78.255,4,2,6,2,1,0,1,0,23.46,3,1,3,0
1924,54,1,65705,Yes,160.079,2,3,8,2,2,0,0,1,0.427,5,1,5,0
1925,26,2,29768,No,145.008,4,3,8,1,1,0,0,0,45.012,5,1,1,0
1926,31,2,149807,No,167.184,4,1,8,2,2,1,0,1,48.621,3,4,4,0
1927,55,2,116157,Yes,180.834,1,3,9,1,2,1,0,0,8.02,5,5,2,0
1928,53,1,109748,No,95.37,5,2,8,1,1,0,0,0,26.543,5,5,3,0
1929,51,1,87848,No,99.32,5,1,4,1,1,1,0,0,25.24,4,3,5,0
1930,27,2,107937,Yes,123.573,5,2,7,2,2,0,0,1,16.835,3,1,1,0
1931,28,1,119993,No,92.736,3,1,1,1,2,0,1,1,10.364,1,4,4,0
1932,23,2,67998,Yes,58.01,5,2,7,2,2,1,1,0,39.923,5,5,1,0
1933,60,2,75810,No,133.378,2,1,2,1,1,0,1,1,24.987,2,3,1,0
1934,42,1,106711,Yes,170.209,4,2,5,3,2,0,0,1,47.72,1,2,1,0
1935,38,2,119070,Yes,124.224,1,2,7,1,1,0,1,0,24.258,2,1,1,0
1936,37,1,30693,No,116.902,4,1,7,2,1,0,0,0,0.708,1,4,2,0
1937,42,1,106329,Yes,196.879,5,1,4,3,1,0,0,1,45.216,2,2,5,0
1938,60,1,51305,Yes,65.648,3,1,3,3,1,0,0,1,39.971,1,4,5,1
1939,18,1,102824,No,65.563,3,3,6,1,2,0,0,1,43.801,3,3,5,0
1940,26,1,41367,No,86.15,2,3,2,2,2,0,0,1,36.688,5,4,3,0
1941,28,2,61785,Yes,76.641,2,2,3,2,1,1,0,0,13.251,5,1,1,0
1942,29,1,67891,Yes,135.873,3,3,9,2,1,0,0,1,41.221,5,3,5,0
1943,36,2,91694,No,94.035,1,2,2,1,1,0,0,1,37.507,5,3,4,0
1944,36,1,26267,No,79.343,5,1,1,2,2,0,1,0,15.328,5,1,4,0
1945,27,2,94031,Yes,137.917,1,2,2,2,1,0,1,1,1.905,3,4,1,1
1946,30,2,33666,Yes,121.258,3,1,4,2,2,0,0,1,59.248,1,1,5,0
1947,35,2,122302,Yes,150.233,5,2,6,2,1,1,0,0,23.249,5,4,4,1
1948,43,1,78833,Yes,169.084,5,3,5,2,2,0,0,1,19.913,4,5,3,0
1949,29,1,102373,Yes,113.069,2,2,7,1,2,0,1,0,39.372,2,1,4,0
1950,67,2,87167,Yes,152.137,2,2,4,3,1,0,1,1,14.723,5,5,4,1
1951,20,1,132699,Yes,137.652,5,2,1,3,1,0,1,0,46.95,5,1,4,1
1952,45,2,58964,Yes,69.428,4,3,6,1,1,0,0,0,1.565,4,2,4,0
1953,28,1,131905,No,77.982,4,2,2,1,2,0,1,0,48.165,3,2,3,0
1954,58,1,77790,No,180.899,4,2,9,3,2,0,1,1,35.149,3,5,4,0
1955,24,1,86722,Yes,42.529,5,2,9,2,1,1,1,1,28.92,5,3,1,0
1956,25,2,72063,Yes,137.893,5,1,2,3,1,0,0,1,16.354,1,1,3,0
1957,40,1,138881,No,103.31,2,1,1,2,1,1,0,1,8.871,4,1,2,0
1958,67,1,95495,Yes,188.759,5,1,9,3,1,1,1,0,59.499,5,4,2,1
1959,67,1,70734,Yes,99.824,4,1,3,3,2,0,1,0,54.101,3,2,5,0
1960,60,2,37793,Yes,152.856,1,1,7,1,2,0,0,0,41.481,1,3,3,0
1961,20,2,68729,No,179.186,3,1,2,2,2,1,0,1,29.749,3,4,2,0
1962,64,1,83708,No,35.662,3,2,9,3,2,0,0,0,17.761,3,2,5,0
1963,25,1,137357,No,133.072,4,2,8,2,1,0,1,0,34.602,1,1,3,0
1964,67,1,75950,Yes,42.161,5,2,3,3,2,1,0,1,39.9,1,3,2,0
1965,49,2,38406,No,178.648,3,2,5,3,2,1,1,1,1.392,1,2,2,0
1966,43,2,45368,Yes,197.69,3,1,3,3,2,1,0,0,51.176,2,1,3,0
1967,55,1,29288,Yes,117.551,1,1,9,2,1,0,1,1,0.651,1,4,5,0
1968,48,1,66922,Yes,123.961,1,3,4,2,2,0,0,0,13.19,1,3,3,0
1969,21,2,25345,No,55.818,4,1,6,3,1,0,0,0,27.454,1,5,3,0
1970,22,1,72653,Yes,27.999,5,3,7,3,2,0,0,1,5.324,1,2,3,0
1971,23,1,49897,Yes,119.676,4,3,9,3,2,1,0,1,55.528,5,4,1,0
1972,57,2,35217,Yes,109.357,1,1,6,3,1,1,0,0,38.177,1,5,4,0
1973,25,1,87107,No,46.471,4,2,9,2,1,0,1,0,11.363,5,1,5,0
1974,59,1,46860,No,143.761,4,3,5,1,1,0,1,1,24.197,5,5,5,0
1975,52,1,117372,Yes,152.774,5,2,6,2,1,1,1,1,2.541,1,2,4,1
1976,41,2,64304,No,102.405,5,2,7,3,1,1,0,0,36.586,5,1,1,0
1977,61,2,70580,No,32.25,1,1,2,2,1,0,0,0,56.253,4,3,2,0
1978,37,2,79140,No,193.159,4,3,6,3,1,0,0,1,34.479,3,2,2,0
1979,67,1,46110,Yes,19.889,1,1,1,1,2,0,1,1,41.573,4,1,1,0
1980,67,2,78930,No,198.96,2,3,1,1,2,0,1,0,44.277,5,1,1,0
1981,32,2,54527,Yes,194.885,5,3,9,2,1,1,1,1,43.2,5,2,4,1
1982,33,1,84659,No,181.648,2,3,1,1,1,0,0,1,37.97,3,2,2,0
1983,25,1,36708,Yes,173.108,1,3,5,2,1,0,0,0,21.626,2,4,1,0
1984,25,2,51223,No,43.594,5,3,5,1,1,1,0,0,20.808,1,3,2,0
1985,64,2,51895,Yes,84.779,3,2,9,2,1,0,0,1,0.215,5,1,2,0
1986,52,2,41612,Yes,73.879,3,1,1,2,2,0,1,0,31.007,2,5,2,0
1987,36,1,97762,No,108.205,4,2,1,3,1,0,0,0,37.829,2,1,4,0
1988,38,1,128458,No,156.329,4,3,2,3,2,0,0,0,6.669,4,3,2,0
1989,46,1,60825,Yes,61.753,4,3,4,1,2,0,1,1,13.859,5,4,2,1
1990,36,2,135764,Yes,191.146,5,1,9,2,1,1,1,1,40.746,2,3,4,0
1991,36,2,111460,Yes,101.928,2,3,2,3,2,0,1,0,31.683,4,5,4,1
1992,55,1,104172,No,121.467,2,2,3,2,2,0,1,1,2.57,3,4,1,0
1993,21,2,71614,No,114.67,4,2,6,3,1,0,1,0,44.524,1,5,5,0
1994,46,2,120149,No,97.64,2,3,5,2,1,0,0,0,20.639,3,1,3,0
1995,36,1,53518,Yes,94.407,2,3,2,1,2,0,0,1,50.88,3,5,1,0
1996,18,1,115653,No,163.333,3,2,2,2,1,0,0,1,36.581,1,1,1,0
1997,24,2,79625,Yes,69.48,2,3,5,3,1,1,1,1,6.553,1,2,1,1
1998,51,1,23942,Yes,95.555,2,2,3,1,1,0,1,0,44.706,2,5,1,0
1999,40,1,102658,No,130.003,1,3,6,1,2,0,1,0,18.59,3,1,1,0
2000,48,2,47019,No,137.97,1,3,1,1,2,0,0,1,35.305,4,1,4,0
2001,26,1,143389,No,24.739,3,1,3,1,1,0,1,0,52.95,1,1,3,0
2002,35,2,66650,Yes,21.097,2,1,8,3,2,1,0,0,29.968,1,3,5,0
2003,60,1,139519,Yes,80.21,3,2,8,1,1,0,0,1,36.64,5,5,4,0
2004,54,2,105133,No,107.047,2,2,7,3,2,1,0,0,31.502,1,2,4,0
2005,52,2,57910,No,151.727,4,3,4,3,2,0,1,1,57.248,2,3,4,0
2006,59,2,144122,No,98.693,1,2,6,2,1,0,1,0,2.477,5,3,4,0
2007,50,2,117727,Yes,109.35,5,1,4,2,1,0,1,0,22.345,4,2,3,0
2008,38,1,48758,Yes,124.774,5,2,7,3,2,0,0,1,55.418,4,5,5,0
2009,46,2,58134,Yes,165.553,3,3,4,2,1,1,0,0,26.437,5,2,1,0
2010,35,2,63536,No,146.312,3,1,4,1,1,0,1,0,31.753,2,5,2,0
2011,53,2,106476,Yes,189.762,3,2,3,3,1,0,1,0,8.397,5,3,1,1
2012,66,2,63529,No,104.195,4,2,8,1,2,1,0,0,8.834,4,2,4,0
2013,22,2,46884,Yes,87.113,1,3,8,3,1,1,1,1,4.392,5,5,3,1
2014,59,1,144658,No,189.854,3,2,3,3,1,1,0,0,50.512,2,1,1,0
2015,33,2,69243,No,87.356,1,1,6,2,2,0,0,0,24.905,2,5,5,0
2016,60,1,93622,Yes,128.903,3,3,8,2,2,0,0,0,35.199,2,4,4,0
2017,38,2,119380,No,47.852,2,3,7,3,2,0,0,1,57.402,1,5,3,0
2018,50,1,82562,No,160.585,1,2,1,3,2,1,1,0,53.475,3,2,3,0
2019,26,2,30427,No,13.002,3,2,3,3,2,1,1,0,44.362,3,3,4,1
2020,59,1,20454,Yes,195.269,3,1,5,1,2,1,1,1,17.007,4,4,4,1
2021,60,2,66039,No,97.324,1,2,3,1,2,0,0,1,6.592,5,1,4,0
2022,28,2,63728,Yes,59.695,4,2,5,2,1,0,0,0,25.421,1,2,3,1
2023,18,1,80732,No,165.908,4,3,2,1,1,1,0,0,5.091,1,3,3,0
2024,42,1,117221,No,126.867,1,3,5,2,1,0,0,0,26.75,5,4,4,0
2025,38,2,60491,Yes,41.067,4,2,4,2,2,1,0,1,19.082,4,1,5,0
2026,59,1,104397,No,75.578,4,2,5,2,1,1,0,1,2.923,2,2,4,1
2027,47,1,110552,Yes,15.774,2,2,7,1,2,0,1,1,49.957,3,3,3,0
2028,53,1,74375,Yes,140.303,4,2,6,2,1,0,0,1,6.275,3,3,5,1
2029,44,2,62198,No,133.547,2,3,8,2,2,1,1,1,36.035,1,4,3,1
2030,52,2,108514,No,155.892,5,2,6,3,1,0,1,1,35.945,4,3,5,0
2031,30,1,89071,Yes,137.313,4,3,6,1,1,0,1,1,46.149,4,4,4,0
2032,69,2,136645,No,106.805,2,3,8,3,1,0,1,0,46.685,1,3,2,1
2033,51,1,109676,Yes,172.212,3,2,2,3,2,0,1,1,15.025,3,5,1,1
2034,40,2,75646,No,40.489,2,1,7,2,2,1,0,1,38.748,5,1,5,1
2035,19,2,130704,No,58.022,3,1,9,3,1,0,0,0,18.533,4,1,1,1
2036,31,2,121738,No,140.865,4,3,6,2,2,0,1,1,29.806,2,5,1,1
2037,47,1,103678,No,92.091,4,1,6,3,1,1,0,0,20.139,3,1,4,1
2038,64,1,39127,Yes,57.338,3,2,1,1,2,1,0,1,41.124,3,4,3,0
2039,46,1,82286,Yes,27.465,3,3,4,3,2,0,0,0,29.431,4,4,4,0
2040,66,2,75130,No,128.329,3,3,2,1,1,0,1,0,28.712,2,2,1,1
2041,59,2,66969,Yes,104.798,5,2,3,1,1,0,0,1,46.852,5,5,5,1
2042,49,2,42551,No,167.814,1,2,9,2,2,0,0,1,16.42,3,5,2,1
2043,40,1,116352,No,109.31,2,2,2,2,1,0,0,1,14.909,1,3,1,0
2044,47,1,134821,Yes,93.915,4,2,1,2,2,1,0,0,54.391,4,5,4,1
2045,41,1,122715,Yes,159.156,3,1,3,1,2,0,0,0,47.298,4,2,5,1
2046,68,2,91633,Yes,11.001,5,1,1,2,2,0,0,0,22.712,5,2,5,0
2047,69,1,28343,No,147.21,3,2,7,2,2,1,0,0,52.764,5,4,1,0
2048,54,1,85802,Yes,36.768,3,3,4,1,1,1,0,1,40.707,4,4,1,1
2049,62,1,127875,Yes,62.251,5,1,1,2,2,0,0,1,13.301,3,2,3,0
2050,35,1,52586,Yes,137.457,4,3,8,2,2,0,1,1,37.57,5,2,3,0
2051,59,2,146090,No,61.05,1,2,2,3,1,0,1,1,11.56,5,2,1,1
2052,36,2,48252,Yes,86.088,2,3,7,1,1,1,1,0,6.962,4,4,4,1
2053,29,1,88484,Yes,161.165,4,2,3,2,2,0,1,0,26.625,1,5,5,0
2054,26,1,87899,No,186.531,1,2,4,1,1,0,1,0,20.213,4,4,5,0
2055,62,2,32640,Yes,51.905,5,2,4,1,2,0,0,0,5.049,5,3,2,0
2056,59,1,120681,No,182.429,2,2,1,3,2,0,1,1,14.47,3,2,5,1
2057,35,1,136005,Yes,96.855,3,1,5,3,2,0,0,1,2.31,3,4,3,1
2058,32,2,136388,Yes,168.978,1,2,5,3,2,0,1,1,34.121,5,4,3,0
2059,42,2,77145,Yes,174.865,2,2,4,3,1,0,0,1,28.604,3,2,1,0
2060,24,2,27805,No,199.151,1,1,7,1,2,0,0,1,37.434,1,4,3,0
2061,50,1,84448,Yes,164.644,1,1,3,3,2,0,1,0,57.145,3,2,5,0
2062,62,2,37619,Yes,10.982,2,3,3,2,1,1,0,1,21.888,4,4,2,0
2063,65,1,105938,Yes,122.99,5,1,9,1,2,0,0,0,4.454,3,5,1,1
2064,69,1,53448,Yes,61.543,3,1,6,3,2,0,0,0,2.466,1,4,2,0
2065,64,1,39097,No,97.291,1,3,1,3,2,0,1,0,28.227,4,5,2,1
2066,37,1,120863,No,36.188,3,3,6,2,1,1,0,1,32.286,3,3,4,0
2067,46,2,68142,No,120.447,1,3,1,2,1,1,0,1,41.39,5,4,2,0
2068,30,1,93430,Yes,88.803,5,3,7,1,2,0,0,1,23.011,2,3,3,0
2069,21,1,57727,Yes,184.028,1,3,6,2,2,1,0,1,16.533,1,1,5,1
2070,35,1,102440,Yes,97.284,5,2,4,2,2,0,0,1,34.345,5,2,1,0
2071,59,2,131974,Yes,34.892,4,1,6,3,2,1,0,0,13.689,3,3,5,0
2072,48,1,115193,No,176.447,1,1,7,3,1,0,0,0,27.163,4,1,1,0
2073,18,1,91737,No,160.776,5,1,2,2,1,1,0,0,58.894,4,5,3,0
2074,63,2,21914,Yes,153.469,4,3,3,3,2,0,0,0,19.444,3,4,2,0
2075,32,2,111779,No,57.251,2,2,1,2,1,0,0,0,12.7,4,3,4,1
2076,65,1,35520,No,81.5,3,2,7,1,2,0,1,1,14.14,1,1,2,1
2077,60,1,43334,No,79.901,1,3,4,2,2,0,1,1,55.982,1,3,3,1
2078,60,2,116321,Yes,74.409,2,1,4,2,1,0,1,1,13.332,1,2,3,1
2079,61,2,114846,Yes,136.396,1,2,1,2,1,0,1,0,4.401,1,1,4,1
2080,31,2,71921,No,87.814,5,1,6,3,2,1,0,0,48.319,5,2,4,1
2081,49,1,30057,No,117.689,3,3,5,2,1,0,1,1,46.284,2,1,3,1
2082,62,1,52710,No,99.723,2,1,9,1,1,0,0,0,36.456,3,4,5,0
2083,48,1,61192,Yes,90.384,5,3,2,1,1,0,0,1,45.206,3,5,1,1
2084,66,1,46718,No,106.733,5,2,1,2,2,1,0,0,43.689,5,4,5,0
2085,64,1,115643,No,32.246,2,3,4,3,2,0,0,1,27.565,3,3,1,0
2086,31,1,64382,Yes,120.995,2,3,2,3,2,0,0,1,20.623,5,5,4,0
2087,27,1,89716,No,68.145,1,3,7,3,2,0,0,1,14.712,2,5,4,1
2088,41,2,50695,No,155.109,1,2,5,2,1,0,0,1,1.787,2,3,2,0
2089,68,1,30288,Yes,193.943,1,1,5,1,2,0,1,0,52.349,4,3,1,0
2090,58,2,44172,No,86.502,2,3,6,1,1,0,0,1,16.885,5,3,5,0
2091,39,1,78863,Yes,186.427,5,3,1,1,1,1,0,0,54.901,4,1,1,0
2092,51,2,49451,No,26.536,2,2,7,1,1,0,0,0,19.842,2,1,2,1
2093,67,2,73148,Yes,94.084,5,2,2,2,2,0,0,1,5.133,3,3,1,0
2094,63,2,72596,Yes,87.897,3,1,2,3,2,1,0,0,5.627,3,2,2,0
2095,59,2,117887,Yes,190.665,1,3,4,1,2,1,0,0,55.462,3,1,1,1
2096,53,2,136825,No,79.78,4,1,3,2,1,0,0,0,29.113,5,2,2,1
2097,43,1,68283,No,65.771,3,2,6,3,1,0,0,1,10.567,2,4,5,0
2098,40,2,110298,No,110.147,3,1,9,1,1,0,1,1,23.051,4,3,2,0
2099,31,1,30543,No,149.252,2,2,4,3,1,0,1,0,57.412,3,5,4,0
2100,48,2,138169,No,192.386,2,3,5,2,1,0,0,1,40.107,5,2,2,1
2101,44,2,77784,Yes,137.189,4,3,7,3,1,0,1,1,30.412,5,4,2,1
2102,57,1,78537,No,64.963,4,2,3,3,1,0,1,1,34.965,1,1,5,0
2103,33,1,45795,Yes,144.579,2,1,4,2,1,1,0,1,35.349,5,3,2,1
2104,36,1,139374,Yes,47.189,4,3,7,2,2,0,1,0,54.158,3,1,4,1
2105,19,1,125939,No,97.696,2,2,7,3,1,0,1,0,34.665,5,2,4,0
2106,23,2,116387,Yes,102.797,3,3,6,2,1,0,0,0,59.192,3,4,3,0
2107,57,2,107329,Yes,80.96,3,1,9,3,2,1,0,1,0.691,2,3,1,1
2108,42,1,89486,Yes,130.935,4,3,2,1,2,1,1,0,24.373,2,1,3,1
2109,25,1,45567,Yes,67.688,1,1,3,1,2,0,1,1,26.304,1,2,1,0
2110,29,2,34295,Yes,162.256,1,2,1,3,1,1,1,0,49.405,2,4,3,0
2111,57,1,56803,Yes,88.039,3,3,5,1,1,0,0,0,15.259,3,3,4,0
2112,23,2,99317,No,80.809,2,1,3,3,1,1,0,1,0.749,1,1,2,1
2113,37,2,23930,Yes,21.063,5,2,6,1,2,1,0,0,31.821,4,4,2,1
2114,67,1,133474,Yes,116.09,3,1,4,3,2,0,0,0,21.47,2,1,4,0
2115,62,2,21083,No,154.986,1,2,1,2,2,0,0,0,24.66,5,5,4,0
2116,44,2,51701,No,25.1,5,2,6,1,1,0,1,1,17.154,2,3,5,0
2117,61,1,110260,No,60.697,1,2,5,1,1,0,1,1,12.332,4,1,5,0
2118,46,1,98910,No,168.729,1,1,7,1,1,1,1,0,4.285,4,1,1,1
2119,38,2,103102,Yes,121.367,2,2,6,3,1,0,0,1,10.96,2,4,1,1
2120,22,1,123970,No,119.976,5,2,3,3,2,1,0,0,8.041,3,1,3,1
2121,23,2,50792,Yes,191.489,4,2,4,1,1,1,0,0,18.202,2,3,5,1
2122,25,1,47784,No,140.49,3,3,8,3,2,0,0,0,49.389,5,2,3,0
2123,39,1,101758,No,150.475,4,1,4,2,1,0,1,1,21.794,5,4,3,0
2124,38,1,108110,Yes,148.631,5,2,4,2,1,1,0,1,17.349,2,5,3,1
2125,50,1,115343,Yes,44.03,1,1,4,3,1,0,1,0,9.485,1,4,1,0
2126,21,1,81382,Yes,98.298,3,1,7,1,1,0,0,1,54.573,1,5,2,0
2127,53,1,35585,No,82.828,4,3,2,1,1,1,1,1,45.231,3,2,1,0
2128,37,2,134284,No,61.056,1,1,5,1,1,0,0,1,10.886,1,4,2,1
2129,41,2,58819,No,192.375,3,2,4,2,1,1,0,1,51.921,4,4,5,0
2130,25,1,83210,Yes,41.609,2,3,6,3,2,0,0,1,32.329,4,3,3,0
2131,29,1,115079,Yes,148.63,1,1,8,1,2,1,0,0,44.385,4,4,2,1
2132,42,1,101871,No,169.092,3,3,1,1,2,0,0,1,49.392,5,2,1,0
2133,24,2,113426,Yes,130.459,2,3,6,2,2,0,0,1,1.945,4,2,1,0
2134,31,1,130898,Yes,81.665,3,1,5,2,1,0,1,0,50.949,2,3,5,1
2135,21,1,144252,Yes,86.429,5,3,7,2,1,0,1,1,22.198,4,5,4,0
2136,52,1,115595,Yes,63.183,2,1,6,2,1,0,0,1,4.36,4,5,5,0
2137,31,1,61751,Yes,90.968,5,3,7,1,1,0,0,1,2.674,5,2,4,0
2138,41,2,70528,Yes,103.534,5,3,4,2,2,0,0,0,38.371,1,1,5,1
2139,63,2,142579,No,86.874,1,2,5,3,1,1,1,1,49.464,2,3,3,1
2140,24,2,109032,No,15.993,3,2,6,2,2,0,1,1,47.89,1,4,1,0
2141,47,1,31938,Yes,43.849,4,2,3,2,2,1,1,0,59.707,2,4,5,1
2142,25,2,138277,No,190.013,1,2,7,1,2,0,0,1,51.978,3,5,5,0
2143,58,1,36994,Yes,125.821,2,2,8,1,2,1,1,0,3.67,5,4,4,0
2144,20,1,106717,No,105.324,3,1,5,1,2,1,1,0,17.525,3,2,3,1
2145,47,1,90569,Yes,101.312,3,2,9,1,2,0,1,0,55.7,3,5,1,0
2146,20,1,41041,No,59.403,4,3,4,2,1,0,0,1,50.065,2,4,2,0
2147,62,1,135684,Yes,128.943,4,2,6,2,2,1,1,1,24.097,3,1,5,1
2148,25,2,142332,Yes,128.627,1,3,4,2,2,1,1,1,18.135,1,1,3,1
2149,39,1,114857,No,163.015,1,2,2,2,1,0,1,1,7.206,1,2,1,0
2150,37,2,133506,Yes,190.992,4,2,4,1,2,0,0,0,37.864,5,2,2,0
2151,46,1,119159,No,150.089,1,2,4,1,1,0,1,0,3.926,3,3,3,1
2152,24,1,27970,Yes,196.364,4,3,6,1,1,1,1,0,24.228,2,2,4,1
2153,51,1,148333,Yes,171.119,2,1,4,1,1,1,1,1,39.402,4,5,4,1
